timestep,lane_id,queueing_length,queueing_time
17.0,N3_J3_0,5.88,1.0
17.0,N4_J4_0,5.5,1.0
18.0,N3_J3_0,5.83,2.0
18.0,N4_J4_0,5.5,2.0
19.0,N3_J3_0,5.81,3.0
19.0,N4_J4_0,5.5,3.0
20.0,N3_J3_0,5.8,4.0
20.0,N4_J4_0,5.5,4.0
20.0,S3_J3_0,5.51,1.0
21.0,N3_J3_0,5.8,5.0
21.0,N4_J4_0,5.5,5.0
21.0,S3_J3_0,5.5,2.0
22.0,N3_J3_0,5.8,6.0
22.0,N4_J4_0,5.5,6.0
22.0,S3_J3_0,5.5,3.0
23.0,N3_J3_0,5.8,7.0
23.0,N4_J4_0,5.5,7.0
23.0,S3_J3_0,5.5,4.0
24.0,N3_J3_0,5.8,8.0
24.0,N4_J4_0,5.5,8.0
24.0,S3_J3_0,5.5,5.0
25.0,N3_J3_0,5.8,9.0
25.0,N4_J4_0,5.5,9.0
25.0,S3_J3_0,5.5,6.0
26.0,N2_J2_0,13.0,1.0
26.0,N3_J3_0,5.8,10.0
26.0,N4_J4_0,5.5,10.0
26.0,S3_J3_0,5.5,7.0
27.0,N2_J2_0,13.0,2.0
27.0,N3_J3_0,5.8,11.0
27.0,N4_J4_0,5.5,11.0
27.0,S3_J3_0,5.5,8.0
28.0,N2_J2_0,13.0,3.0
28.0,N3_J3_0,5.8,12.0
28.0,N4_J4_0,5.5,12.0
28.0,S3_J3_0,5.5,9.0
29.0,N2_J2_0,13.0,4.0
29.0,N3_J3_0,5.8,13.0
29.0,N4_J4_0,5.5,13.0
29.0,S1_J1_0,5.51,1.0
29.0,S3_J3_0,5.5,10.0
30.0,N2_J2_0,13.0,5.0
30.0,N3_J3_0,5.8,14.0
30.0,N4_J4_0,5.5,14.0
30.0,S1_J1_0,5.5,2.0
30.0,S3_J3_0,5.5,11.0
31.0,N2_J2_0,13.0,6.0
31.0,N3_J3_0,5.8,15.0
31.0,N4_J4_0,5.5,15.0
31.0,S1_J1_0,5.5,3.0
31.0,S3_J3_0,5.5,12.0
32.0,N2_J2_0,13.0,7.0
32.0,N3_J3_0,5.8,16.0
32.0,N4_J4_0,5.5,16.0
32.0,S1_J1_0,5.5,4.0
32.0,S3_J3_0,5.5,13.0
33.0,N2_J2_0,13.0,8.0
33.0,N3_J3_0,5.8,17.0
33.0,N4_J4_0,5.5,17.0
33.0,S1_J1_0,5.5,5.0
33.0,S3_J3_0,5.5,14.0
34.0,N2_J2_0,13.0,9.0
34.0,N3_J3_0,5.8,18.0
34.0,N4_J4_0,5.5,18.0
34.0,S1_J1_0,5.5,6.0
34.0,S3_J3_0,5.5,15.0
34.0,W0_J1_0,5.51,1.0
35.0,J1_J2_0,5.5,1.0
35.0,W0_J1_0,5.5,2.0
36.0,J1_J2_0,5.5,2.0
36.0,W0_J1_0,5.5,3.0
36.0,W0_J1_1,5.51,1.0
37.0,J1_J2_0,5.5,3.0
37.0,W0_J1_0,5.5,4.0
37.0,W0_J1_1,5.5,2.0
38.0,J1_J2_0,5.5,4.0
38.0,W0_J1_0,20.0,5.0
38.0,W0_J1_1,5.5,3.0
39.0,E5_J4_0,5.57,1.0
39.0,J1_J2_0,5.5,5.0
39.0,J1_J2_1,5.82,1.0
39.0,W0_J1_0,20.0,6.0
39.0,W0_J1_1,5.5,4.0
40.0,E5_J4_0,5.5,2.0
40.0,J1_J2_0,5.5,6.0
40.0,J1_J2_1,5.8,2.0
40.0,W0_J1_0,20.0,7.0
40.0,W0_J1_1,5.5,5.0
41.0,E5_J4_0,5.5,3.0
41.0,J1_J2_0,5.5,7.0
41.0,J1_J2_1,5.8,3.0
41.0,W0_J1_0,20.0,8.0
41.0,W0_J1_1,5.5,6.0
42.0,E5_J4_0,5.5,4.0
42.0,J1_J2_0,5.5,8.0
42.0,J1_J2_1,12.8,4.0
42.0,W0_J1_0,20.0,9.0
42.0,W0_J1_1,12.52,7.0
43.0,E5_J4_0,5.5,5.0
43.0,J1_J2_0,12.5,9.0
43.0,J1_J2_1,12.8,5.0
43.0,W0_J1_0,20.0,10.0
43.0,W0_J1_1,12.51,8.0
44.0,E5_J4_0,5.5,6.0
44.0,J1_J2_0,12.5,10.0
44.0,J1_J2_1,12.8,6.0
44.0,J4_J3_0,5.5,1.0
44.0,W0_J1_0,20.0,11.0
44.0,W0_J1_1,12.5,9.0
45.0,E5_J4_0,5.5,7.0
45.0,J1_J2_0,12.5,11.0
45.0,J1_J2_1,12.8,7.0
45.0,J4_J3_0,5.5,2.0
45.0,W0_J1_0,20.0,12.0
45.0,W0_J1_1,12.5,10.0
46.0,E5_J4_0,5.5,8.0
46.0,J1_J2_0,19.81,12.0
46.0,J1_J2_1,19.84,8.0
46.0,J4_J3_0,5.5,3.0
46.0,J4_J3_1,5.54,1.0
46.0,W0_J1_0,20.0,13.0
46.0,W0_J1_1,12.5,11.0
47.0,E5_J4_0,5.5,9.0
47.0,E5_J4_1,5.52,1.0
47.0,J1_J2_0,19.8,13.0
47.0,J1_J2_1,19.82,9.0
47.0,J4_J3_0,12.52,4.0
47.0,J4_J3_1,5.51,2.0
47.0,W0_J1_0,20.0,14.0
47.0,W0_J1_1,12.5,12.0
48.0,E5_J4_0,5.5,10.0
48.0,E5_J4_1,5.51,2.0
48.0,J1_J2_0,19.8,14.0
48.0,J1_J2_1,19.81,10.0
48.0,J4_J3_0,12.51,5.0
48.0,J4_J3_1,5.5,3.0
48.0,W0_J1_0,20.0,15.0
48.0,W0_J1_1,19.8,13.0
49.0,E5_J4_0,5.5,11.0
49.0,E5_J4_1,5.5,3.0
49.0,J1_J2_0,19.8,15.0
49.0,J1_J2_1,19.8,11.0
49.0,J3_J2_0,5.5,1.0
49.0,J4_J3_0,12.5,6.0
49.0,J4_J3_1,5.5,4.0
49.0,W0_J1_0,20.0,16.0
49.0,W0_J1_1,19.8,14.0
50.0,E5_J4_0,5.5,12.0
50.0,E5_J4_1,5.5,4.0
50.0,J1_J2_0,19.8,16.0
50.0,J1_J2_1,19.8,12.0
50.0,J3_J2_0,5.5,2.0
50.0,J4_J3_0,12.5,7.0
50.0,J4_J3_1,5.5,5.0
50.0,W0_J1_0,20.0,17.0
50.0,W0_J1_1,19.8,15.0
51.0,E5_J4_0,5.5,13.0
51.0,E5_J4_1,5.5,5.0
51.0,J1_J2_0,19.8,17.0
51.0,J1_J2_1,19.8,13.0
51.0,J3_J2_0,5.5,3.0
51.0,J4_J3_0,12.5,8.0
51.0,J4_J3_1,5.5,6.0
51.0,W0_J1_0,20.0,18.0
51.0,W0_J1_1,19.8,16.0
52.0,E5_J4_0,5.5,14.0
52.0,E5_J4_1,5.5,6.0
52.0,J1_J2_0,19.8,18.0
52.0,J1_J2_1,19.8,14.0
52.0,J3_J2_0,5.5,4.0
52.0,J4_J3_0,12.5,9.0
52.0,J4_J3_1,5.5,7.0
52.0,W0_J1_0,20.0,19.0
52.0,W0_J1_1,19.8,17.0
53.0,E5_J4_0,5.5,15.0
53.0,E5_J4_1,5.5,7.0
53.0,J1_J2_0,19.8,19.0
53.0,J1_J2_1,19.8,15.0
53.0,J3_J2_0,5.5,5.0
53.0,J4_J3_0,12.5,10.0
53.0,J4_J3_1,5.5,8.0
53.0,W0_J1_0,20.0,20.0
53.0,W0_J1_1,19.8,18.0
54.0,E5_J4_0,5.5,16.0
54.0,E5_J4_1,5.5,8.0
54.0,J1_J2_0,19.8,20.0
54.0,J1_J2_1,19.8,16.0
54.0,J3_J2_0,5.5,6.0
54.0,J4_J3_0,12.5,11.0
54.0,J4_J3_1,5.5,9.0
54.0,W0_J1_0,20.0,21.0
54.0,W0_J1_1,19.8,19.0
55.0,E5_J4_0,5.5,17.0
55.0,E5_J4_1,5.5,9.0
55.0,J1_J2_0,19.8,21.0
55.0,J1_J2_1,19.8,17.0
55.0,J3_J2_0,5.5,7.0
55.0,J4_J3_0,12.5,12.0
55.0,J4_J3_1,5.5,10.0
55.0,W0_J1_0,20.0,22.0
55.0,W0_J1_1,19.8,20.0
56.0,E5_J4_0,5.5,18.0
56.0,E5_J4_1,5.5,10.0
56.0,J1_J2_0,19.8,22.0
56.0,J1_J2_1,19.8,18.0
56.0,J3_J2_0,5.5,8.0
56.0,J4_J3_0,12.5,13.0
56.0,J4_J3_1,5.5,11.0
56.0,W0_J1_0,20.0,23.0
56.0,W0_J1_1,19.8,21.0
57.0,E5_J4_0,5.5,19.0
57.0,E5_J4_1,5.5,11.0
57.0,J1_J2_0,19.8,23.0
57.0,J1_J2_1,19.8,19.0
57.0,J3_J2_0,5.5,9.0
57.0,J4_J3_0,12.5,14.0
57.0,J4_J3_1,5.5,12.0
57.0,W0_J1_0,20.0,24.0
57.0,W0_J1_1,26.81,22.0
58.0,E5_J4_0,5.5,20.0
58.0,E5_J4_1,5.5,12.0
58.0,J1_J2_0,19.8,24.0
58.0,J1_J2_1,19.8,20.0
58.0,J3_J2_0,5.5,10.0
58.0,J4_J3_0,12.5,15.0
58.0,J4_J3_1,5.5,13.0
58.0,W0_J1_0,20.0,25.0
58.0,W0_J1_1,26.81,23.0
59.0,E5_J4_0,5.5,21.0
59.0,E5_J4_1,5.5,13.0
59.0,J1_J2_0,19.8,25.0
59.0,J1_J2_1,19.8,21.0
59.0,J3_J2_0,5.5,11.0
59.0,J4_J3_0,12.5,16.0
59.0,J4_J3_1,5.5,14.0
59.0,S3_J3_0,5.5,1.0
59.0,W0_J1_0,20.0,26.0
59.0,W0_J1_1,26.8,24.0
60.0,J1_J2_0,19.8,18.0
60.0,J1_J2_1,19.8,19.0
60.0,J4_J3_0,12.5,14.0
60.0,S3_J3_0,5.5,2.0
60.0,W0_J1_0,20.0,23.0
60.0,W0_J1_1,26.8,19.0
61.0,J1_J2_0,19.8,16.0
61.0,J1_J2_1,19.8,16.0
61.0,N4_J4_0,5.5,1.0
61.0,S3_J3_0,12.81,3.0
61.0,W0_J1_1,26.8,14.0
62.0,N4_J4_0,5.5,2.0
62.0,S3_J3_0,12.8,4.0
62.0,W0_J1_1,26.8,6.0
63.0,N4_J4_0,5.5,3.0
63.0,S3_J3_0,12.8,5.0
63.0,W0_J1_1,33.81,1.0
64.0,N4_J4_0,5.5,4.0
64.0,S3_J3_0,12.8,6.0
65.0,N4_J4_0,5.5,5.0
65.0,S3_J3_0,12.8,7.0
66.0,N4_J4_0,5.5,6.0
66.0,S3_J3_0,12.8,8.0
67.0,N2_J2_0,5.5,1.0
67.0,N4_J4_0,5.5,7.0
67.0,S3_J3_0,12.8,9.0
68.0,N2_J2_0,5.5,2.0
68.0,N4_J4_0,5.5,8.0
68.0,S3_J3_0,12.8,10.0
69.0,N2_J2_0,5.5,3.0
69.0,N4_J4_0,5.5,9.0
69.0,S3_J3_0,12.8,11.0
70.0,N2_J2_0,5.5,4.0
70.0,N3_J3_0,13.0,1.0
70.0,N4_J4_0,5.5,10.0
70.0,S3_J3_0,12.8,12.0
71.0,N2_J2_0,5.5,5.0
71.0,N3_J3_0,13.0,2.0
71.0,N4_J4_0,5.5,11.0
71.0,S3_J3_0,12.8,13.0
71.0,S4_J4_0,13.0,1.0
72.0,N2_J2_0,5.5,6.0
72.0,N3_J3_0,13.0,3.0
72.0,N4_J4_0,5.5,12.0
72.0,S3_J3_0,12.8,14.0
72.0,S4_J4_0,13.0,2.0
73.0,N2_J2_0,5.5,7.0
73.0,N3_J3_0,13.0,4.0
73.0,N4_J4_0,5.5,13.0
73.0,S3_J3_0,12.8,15.0
73.0,S4_J4_0,13.0,3.0
74.0,N2_J2_0,5.5,8.0
74.0,N3_J3_0,13.0,5.0
74.0,N4_J4_0,5.5,14.0
74.0,S3_J3_0,12.8,16.0
74.0,S4_J4_0,13.0,4.0
75.0,N1_J1_0,5.53,1.0
75.0,N2_J2_0,5.5,9.0
75.0,N3_J3_0,13.0,6.0
75.0,N4_J4_0,5.5,15.0
75.0,S3_J3_0,12.8,17.0
75.0,S4_J4_0,13.0,5.0
76.0,N1_J1_0,5.51,2.0
76.0,N2_J2_0,5.5,10.0
76.0,N3_J3_0,13.0,7.0
76.0,N4_J4_0,5.5,16.0
76.0,S3_J3_0,12.8,18.0
76.0,S4_J4_0,13.0,6.0
77.0,N1_J1_0,5.5,3.0
77.0,N2_J2_0,5.5,11.0
77.0,N3_J3_0,13.0,8.0
77.0,N4_J4_0,5.5,17.0
77.0,S3_J3_0,12.8,19.0
77.0,S4_J4_0,13.0,7.0
78.0,N1_J1_0,5.5,4.0
78.0,N2_J2_0,5.5,12.0
78.0,N3_J3_0,13.0,9.0
78.0,N4_J4_0,5.5,18.0
78.0,S3_J3_0,12.8,20.0
78.0,S4_J4_0,13.0,8.0
79.0,N1_J1_0,5.5,5.0
79.0,N2_J2_0,5.5,13.0
79.0,N3_J3_0,20.01,10.0
79.0,N4_J4_0,5.5,19.0
79.0,S3_J3_0,12.8,21.0
79.0,S4_J4_0,13.0,9.0
80.0,N1_J1_0,5.5,6.0
80.0,N2_J2_0,5.5,14.0
80.0,N3_J3_0,20.01,11.0
80.0,N4_J4_0,5.5,20.0
80.0,S3_J3_0,12.8,22.0
80.0,S4_J4_0,13.0,10.0
81.0,N1_J1_0,5.5,7.0
81.0,N2_J2_0,5.5,15.0
81.0,N3_J3_0,27.02,12.0
81.0,N4_J4_0,5.5,21.0
81.0,S3_J3_0,12.8,23.0
81.0,S4_J4_0,13.0,11.0
82.0,N1_J1_0,5.5,8.0
82.0,N2_J2_0,5.5,16.0
82.0,N3_J3_0,27.01,13.0
82.0,N4_J4_0,5.5,22.0
82.0,S3_J3_0,12.8,24.0
82.0,S4_J4_0,13.0,12.0
83.0,N1_J1_0,5.5,9.0
83.0,N2_J2_0,5.5,17.0
83.0,N3_J3_0,27.0,14.0
83.0,N4_J4_0,5.5,23.0
83.0,S3_J3_0,20.11,25.0
83.0,S4_J4_0,13.0,13.0
84.0,N1_J1_0,5.5,10.0
84.0,N2_J2_0,5.5,18.0
84.0,N3_J3_0,27.0,15.0
84.0,N4_J4_0,5.5,24.0
84.0,S3_J3_0,20.1,26.0
84.0,S4_J4_0,13.0,14.0
85.0,N1_J1_0,5.5,11.0
85.0,N2_J2_0,5.5,19.0
85.0,N3_J3_0,27.0,16.0
85.0,N4_J4_0,5.5,25.0
85.0,S3_J3_0,20.1,27.0
85.0,S4_J4_0,13.0,15.0
86.0,N1_J1_0,5.5,12.0
86.0,N2_J2_0,5.5,20.0
86.0,N3_J3_0,27.0,17.0
86.0,N4_J4_0,5.5,26.0
86.0,S3_J3_0,20.1,28.0
86.0,S4_J4_0,13.0,16.0
87.0,N1_J1_0,5.5,13.0
87.0,N2_J2_0,5.5,21.0
87.0,N3_J3_0,27.0,18.0
87.0,N4_J4_0,5.5,27.0
87.0,S3_J3_0,20.1,29.0
87.0,S4_J4_0,13.0,17.0
88.0,N1_J1_0,5.5,14.0
88.0,N2_J2_0,5.5,22.0
88.0,N3_J3_0,27.0,19.0
88.0,N4_J4_0,5.5,28.0
88.0,S3_J3_0,20.1,30.0
88.0,S4_J4_0,13.0,18.0
89.0,N1_J1_0,5.5,15.0
89.0,N2_J2_0,5.5,23.0
89.0,N3_J3_0,27.0,20.0
89.0,N4_J4_0,5.5,29.0
89.0,S3_J3_0,20.1,31.0
89.0,S4_J4_0,13.0,19.0
90.0,N1_J1_0,5.5,16.0
90.0,N2_J2_0,5.5,24.0
90.0,N3_J3_0,27.0,21.0
90.0,N4_J4_0,5.5,30.0
90.0,S3_J3_0,20.1,32.0
90.0,S4_J4_0,13.0,20.0
91.0,N1_J1_0,5.5,17.0
91.0,N2_J2_0,5.5,25.0
91.0,N3_J3_0,27.0,22.0
91.0,N4_J4_0,5.5,31.0
91.0,S3_J3_0,20.1,33.0
91.0,S4_J4_0,13.0,21.0
92.0,N1_J1_0,5.5,18.0
92.0,N2_J2_0,5.5,26.0
92.0,N3_J3_0,27.0,23.0
92.0,N4_J4_0,5.5,32.0
92.0,S3_J3_0,20.1,34.0
92.0,S4_J4_0,13.0,22.0
93.0,J1_J2_0,5.5,1.0
93.0,N1_J1_0,5.5,19.0
93.0,N2_J2_0,12.83,27.0
93.0,N3_J3_0,27.0,24.0
93.0,N4_J4_0,5.5,33.0
93.0,S3_J3_0,20.1,35.0
93.0,S4_J4_0,13.0,23.0
94.0,J1_J2_0,5.5,2.0
94.0,J4_J3_0,5.5,1.0
94.0,N1_J1_0,5.5,20.0
94.0,N2_J2_0,12.81,28.0
94.0,N3_J3_0,27.0,25.0
94.0,N4_J4_0,5.5,34.0
94.0,S3_J3_0,20.1,36.0
94.0,S4_J4_0,13.0,24.0
95.0,J1_J2_0,5.5,3.0
95.0,J3_J4_0,5.53,1.0
95.0,J4_J3_0,5.5,2.0
95.0,N1_J1_0,12.5,1.0
95.0,N2_J2_0,12.8,3.0
95.0,N3_J3_0,27.0,17.0
95.0,S3_J3_0,20.1,35.0
96.0,J1_J2_0,12.5,4.0
96.0,J1_J2_1,5.53,1.0
96.0,J2_J3_0,5.54,1.0
96.0,J3_J4_0,5.51,2.0
96.0,J3_J4_1,5.8,1.0
96.0,J4_J3_0,5.5,3.0
96.0,N3_J3_0,34.05,16.0
96.0,S3_J3_0,20.1,14.0
97.0,J1_J2_0,12.5,5.0
97.0,J1_J2_1,5.51,2.0
97.0,J2_J1_0,5.51,1.0
97.0,J2_J3_0,5.51,2.0
97.0,J3_J2_1,5.51,1.0
97.0,J3_J4_0,5.5,3.0
97.0,J3_J4_1,5.8,2.0
97.0,J4_J3_0,5.5,4.0
97.0,N3_J3_0,34.02,2.0
98.0,J1_J2_0,12.5,6.0
98.0,J1_J2_1,5.5,3.0
98.0,J2_J1_0,5.5,2.0
98.0,J2_J3_0,5.51,3.0
98.0,J2_J3_1,5.51,1.0
98.0,J3_J2_0,5.5,1.0
98.0,J3_J2_1,12.52,2.0
98.0,J3_J4_0,12.53,4.0
98.0,J3_J4_1,5.8,3.0
98.0,J4_J3_0,5.5,5.0
99.0,J1_J2_0,12.5,7.0
99.0,J1_J2_1,12.51,4.0
99.0,J2_J1_0,5.5,3.0
99.0,J2_J3_0,5.5,4.0
99.0,J2_J3_1,5.5,2.0
99.0,J3_J2_0,12.53,2.0
99.0,J3_J2_1,12.51,3.0
99.0,J3_J4_0,12.5,5.0
99.0,J3_J4_1,5.8,4.0
99.0,J4_J3_0,5.5,6.0
100.0,J1_J2_0,12.5,8.0
100.0,J1_J2_1,12.5,5.0
100.0,J2_J1_0,5.5,4.0
100.0,J2_J3_0,12.51,5.0
100.0,J2_J3_1,12.81,3.0
100.0,J3_J2_0,12.51,3.0
100.0,J3_J2_1,12.5,4.0
100.0,J3_J4_0,12.5,6.0
100.0,J3_J4_1,12.87,5.0
100.0,J4_J3_0,5.5,7.0
101.0,J1_J2_0,12.5,9.0
101.0,J1_J2_1,12.5,6.0
101.0,J2_J1_0,12.56,5.0
101.0,J2_J3_0,12.5,6.0
101.0,J2_J3_1,12.8,4.0
101.0,J3_J2_0,19.53,4.0
101.0,J3_J2_1,19.81,5.0
101.0,J3_J4_0,19.56,7.0
101.0,J3_J4_1,12.83,6.0
101.0,J4_J3_0,5.5,8.0
102.0,E5_J4_0,5.5,1.0
102.0,J1_J2_0,12.5,10.0
102.0,J1_J2_1,12.5,7.0
102.0,J2_J1_0,12.5,6.0
102.0,J2_J3_0,19.51,7.0
102.0,J2_J3_1,19.84,5.0
102.0,J3_J2_0,19.51,5.0
102.0,J3_J2_1,19.81,6.0
102.0,J3_J4_0,19.52,8.0
102.0,J3_J4_1,20.15,7.0
102.0,J4_J3_0,5.5,9.0
103.0,E5_J4_0,5.5,2.0
103.0,J1_J2_0,12.5,11.0
103.0,J1_J2_1,12.5,8.0
103.0,J2_J1_0,12.5,7.0
103.0,J2_J1_1,5.57,1.0
103.0,J2_J3_0,19.51,8.0
103.0,J2_J3_1,19.81,6.0
103.0,J3_J2_0,19.5,6.0
103.0,J3_J2_1,19.8,7.0
103.0,J3_J4_0,19.51,9.0
103.0,J3_J4_1,20.11,8.0
103.0,J4_J3_0,5.5,10.0
103.0,W0_J1_0,5.51,1.0
104.0,E5_J4_0,5.5,3.0
104.0,J1_J2_0,12.5,12.0
104.0,J1_J2_1,12.5,9.0
104.0,J2_J1_0,12.5,8.0
104.0,J2_J1_1,5.52,2.0
104.0,J2_J3_0,19.5,9.0
104.0,J2_J3_1,26.84,7.0
104.0,J3_J2_0,19.5,7.0
104.0,J3_J2_1,19.8,8.0
104.0,J3_J4_0,19.5,10.0
104.0,J3_J4_1,20.1,9.0
104.0,J4_J3_0,5.5,11.0
104.0,W0_J1_0,5.5,2.0
105.0,E5_J4_0,5.5,4.0
105.0,J1_J2_0,12.5,13.0
105.0,J1_J2_1,12.5,10.0
105.0,J2_J1_0,12.5,9.0
105.0,J2_J1_1,5.5,3.0
105.0,J2_J3_0,19.5,10.0
105.0,J2_J3_1,26.81,8.0
105.0,J3_J2_0,19.5,8.0
105.0,J3_J2_1,19.8,9.0
105.0,J3_J4_0,19.5,11.0
105.0,J3_J4_1,20.1,10.0
105.0,J4_J3_0,5.5,12.0
105.0,W0_J1_0,5.5,3.0
106.0,E5_J4_0,5.5,5.0
106.0,J1_J2_0,12.5,14.0
106.0,J1_J2_1,12.5,11.0
106.0,J2_J1_0,12.5,10.0
106.0,J2_J1_1,5.5,4.0
106.0,J2_J3_0,19.5,11.0
106.0,J2_J3_1,26.81,9.0
106.0,J3_J2_0,19.5,9.0
106.0,J3_J2_1,19.8,10.0
106.0,J3_J4_0,19.5,12.0
106.0,J3_J4_1,20.1,11.0
106.0,J4_J3_0,5.5,13.0
106.0,W0_J1_0,5.5,4.0
107.0,E5_J4_0,5.5,6.0
107.0,J1_J2_0,12.5,15.0
107.0,J1_J2_1,12.5,12.0
107.0,J2_J1_0,12.5,11.0
107.0,J2_J1_1,5.5,5.0
107.0,J2_J3_0,34.01,12.0
107.0,J2_J3_1,33.82,10.0
107.0,J3_J2_0,19.5,10.0
107.0,J3_J2_1,19.8,11.0
107.0,J3_J4_0,19.5,13.0
107.0,J3_J4_1,20.1,12.0
107.0,J4_J3_0,5.5,14.0
107.0,W0_J1_0,5.5,5.0
108.0,E5_J4_0,5.5,7.0
108.0,J1_J2_0,19.53,16.0
108.0,J1_J2_1,12.5,13.0
108.0,J2_J1_0,12.5,12.0
108.0,J2_J1_1,5.5,6.0
108.0,J2_J3_0,41.01,13.0
108.0,J2_J3_1,33.81,11.0
108.0,J3_J2_0,19.5,11.0
108.0,J3_J2_1,19.8,12.0
108.0,J3_J4_0,19.5,14.0
108.0,J3_J4_1,20.1,13.0
108.0,J4_J3_0,5.5,15.0
108.0,W0_J1_0,5.5,6.0
109.0,E5_J4_0,5.5,8.0
109.0,J1_J2_0,19.51,17.0
109.0,J1_J2_1,12.5,14.0
109.0,J2_J1_0,12.5,13.0
109.0,J2_J1_1,5.5,7.0
109.0,J2_J3_0,41.01,14.0
109.0,J2_J3_1,33.81,12.0
109.0,J3_J2_0,19.5,12.0
109.0,J3_J2_1,19.8,13.0
109.0,J3_J4_0,19.5,15.0
109.0,J3_J4_1,20.1,14.0
109.0,J4_J3_0,5.5,16.0
109.0,W0_J1_0,5.5,7.0
110.0,E5_J4_0,5.5,9.0
110.0,J1_J2_0,19.5,18.0
110.0,J1_J2_1,12.5,15.0
110.0,J2_J1_0,12.5,14.0
110.0,J2_J1_1,5.5,8.0
110.0,J2_J3_0,41.01,15.0
110.0,J2_J3_1,33.81,13.0
110.0,J3_J2_0,19.5,13.0
110.0,J3_J2_1,19.8,14.0
110.0,J3_J4_0,19.5,16.0
110.0,J3_J4_1,20.1,15.0
110.0,J4_J3_0,5.5,17.0
110.0,W0_J1_0,5.5,8.0
111.0,E5_J4_0,5.5,10.0
111.0,J1_J2_0,19.5,19.0
111.0,J1_J2_1,12.5,16.0
111.0,J2_J1_0,12.5,15.0
111.0,J2_J1_1,5.5,9.0
111.0,J2_J3_0,41.01,16.0
111.0,J2_J3_1,33.81,14.0
111.0,J3_J2_0,19.5,14.0
111.0,J3_J2_1,19.8,15.0
111.0,J3_J4_0,19.5,17.0
111.0,J3_J4_1,20.1,16.0
111.0,J4_J3_0,5.5,18.0
111.0,W0_J1_0,5.5,9.0
112.0,E5_J4_0,5.5,11.0
112.0,J1_J2_0,19.5,20.0
112.0,J1_J2_1,12.5,17.0
112.0,J2_J1_0,12.5,16.0
112.0,J2_J1_1,5.5,10.0
112.0,J2_J3_0,41.01,17.0
112.0,J2_J3_1,33.81,15.0
112.0,J3_J2_0,19.5,15.0
112.0,J3_J2_1,19.8,16.0
112.0,J3_J4_0,19.5,18.0
112.0,J3_J4_1,20.1,17.0
112.0,J4_J3_0,5.5,19.0
112.0,W0_J1_0,5.5,10.0
113.0,E5_J4_0,5.5,12.0
113.0,J1_J2_0,19.5,21.0
113.0,J1_J2_1,12.5,18.0
113.0,J2_J1_0,12.5,17.0
113.0,J2_J1_1,5.5,11.0
113.0,J2_J3_0,41.01,18.0
113.0,J2_J3_1,33.81,16.0
113.0,J3_J2_0,19.5,16.0
113.0,J3_J2_1,19.8,17.0
113.0,J3_J4_0,19.5,19.0
113.0,J3_J4_1,20.1,18.0
113.0,J4_J3_0,5.5,20.0
113.0,W0_J1_0,5.5,11.0
114.0,E5_J4_0,5.5,13.0
114.0,E5_J4_1,5.54,1.0
114.0,J1_J2_0,19.5,22.0
114.0,J1_J2_1,12.5,19.0
114.0,J2_J1_0,12.5,18.0
114.0,J2_J1_1,5.5,12.0
114.0,J2_J3_0,34.0,19.0
114.0,J2_J3_1,41.01,17.0
114.0,J3_J2_0,19.5,17.0
114.0,J3_J2_1,19.8,18.0
114.0,J3_J4_0,19.5,20.0
114.0,J3_J4_1,20.1,19.0
114.0,J4_J3_0,5.5,21.0
114.0,W0_J1_0,5.5,12.0
115.0,E5_J4_0,5.5,14.0
115.0,E5_J4_1,5.52,2.0
115.0,J1_J2_0,19.5,23.0
115.0,J1_J2_1,12.5,20.0
115.0,J2_J1_0,12.5,19.0
115.0,J2_J1_1,5.5,13.0
115.0,J2_J3_0,34.0,20.0
115.0,J2_J3_1,33.81,18.0
115.0,J3_J2_0,19.5,18.0
115.0,J3_J2_1,19.8,19.0
115.0,J3_J4_0,19.5,21.0
115.0,J3_J4_1,20.1,20.0
115.0,J4_J3_0,5.5,22.0
115.0,W0_J1_0,5.5,13.0
116.0,E5_J4_0,12.51,15.0
116.0,E5_J4_1,5.5,3.0
116.0,J1_J2_0,19.5,24.0
116.0,J1_J2_1,12.5,21.0
116.0,J2_J1_0,12.5,20.0
116.0,J2_J1_1,5.5,14.0
116.0,J2_J3_0,34.0,21.0
116.0,J2_J3_1,40.83,19.0
116.0,J3_J2_0,19.5,19.0
116.0,J3_J2_1,19.8,20.0
116.0,J3_J4_0,19.5,22.0
116.0,J3_J4_1,20.1,21.0
116.0,J4_J3_0,5.5,23.0
116.0,W0_J1_0,12.85,14.0
116.0,W0_J1_1,13.0,1.0
117.0,E5_J4_0,12.5,16.0
117.0,E5_J4_1,5.5,4.0
117.0,J1_J2_0,19.5,25.0
117.0,J1_J2_1,12.5,22.0
117.0,J2_J1_0,12.5,21.0
117.0,J2_J1_1,5.5,15.0
117.0,J2_J3_0,34.0,22.0
117.0,J2_J3_1,40.82,20.0
117.0,J3_J2_0,19.5,20.0
117.0,J3_J2_1,19.8,21.0
117.0,J3_J4_0,19.5,23.0
117.0,J3_J4_1,20.1,22.0
117.0,J4_J3_0,5.5,24.0
117.0,W0_J1_0,12.82,15.0
117.0,W0_J1_1,13.0,2.0
118.0,E5_J4_0,12.5,17.0
118.0,E5_J4_1,12.82,5.0
118.0,J1_J2_0,19.5,26.0
118.0,J1_J2_1,12.5,23.0
118.0,J2_J1_0,12.5,22.0
118.0,J2_J1_1,5.5,16.0
118.0,J2_J3_0,34.0,23.0
118.0,J2_J3_1,40.81,21.0
118.0,J3_J2_0,19.5,21.0
118.0,J3_J2_1,19.8,22.0
118.0,J3_J4_0,19.5,24.0
118.0,J3_J4_1,20.1,23.0
118.0,J4_J3_0,5.5,25.0
118.0,W0_J1_0,19.83,16.0
118.0,W0_J1_1,13.0,3.0
119.0,E5_J4_0,12.5,18.0
119.0,E5_J4_1,12.8,6.0
119.0,J1_J2_0,19.5,27.0
119.0,J1_J2_1,12.5,24.0
119.0,J2_J1_0,12.5,23.0
119.0,J2_J1_1,5.5,17.0
119.0,J2_J3_0,34.0,24.0
119.0,J2_J3_1,40.81,22.0
119.0,J3_J2_0,19.5,22.0
119.0,J3_J2_1,19.8,23.0
119.0,J3_J4_0,19.5,25.0
119.0,J3_J4_1,20.1,24.0
119.0,J4_J3_0,5.5,26.0
119.0,W0_J1_0,19.8,17.0
119.0,W0_J1_1,13.0,4.0
120.0,E5_J4_0,12.5,5.0
120.0,E5_J4_1,12.8,3.0
120.0,J1_J2_0,19.5,25.0
120.0,J1_J2_1,12.5,22.0
120.0,J2_J1_0,12.5,20.0
120.0,J2_J3_0,34.0,21.0
120.0,J2_J3_1,40.81,21.0
120.0,J3_J2_0,19.5,22.0
120.0,J3_J2_1,19.8,23.0
120.0,J3_J4_0,19.5,23.0
120.0,J3_J4_1,20.1,21.0
120.0,W0_J1_0,26.82,5.0
121.0,J1_J2_0,19.5,14.0
121.0,J2_J3_0,34.0,20.0
121.0,J2_J3_1,40.81,20.0
121.0,J3_J2_0,19.5,21.0
121.0,J3_J2_1,19.8,21.0
121.0,J3_J4_0,19.5,21.0
121.0,J3_J4_1,20.1,20.0
121.0,S3_J3_0,13.0,1.0
121.0,W0_J1_0,26.81,4.0
122.0,J2_J3_0,34.0,16.0
122.0,J2_J3_1,40.81,19.0
122.0,S3_J3_0,13.0,2.0
122.0,W0_J1_0,26.81,3.0
123.0,J2_J3_1,40.81,17.0
123.0,S3_J3_0,13.0,3.0
123.0,W0_J1_0,41.33,1.0
124.0,J2_J3_1,40.81,9.0
124.0,S3_J3_0,20.02,4.0
125.0,N1_J1_0,5.87,1.0
125.0,S2_J2_0,5.51,1.0
125.0,S3_J3_0,20.01,5.0
126.0,N1_J1_0,5.84,2.0
126.0,S2_J2_0,5.5,2.0
126.0,S3_J3_0,20.0,6.0
127.0,N1_J1_0,5.81,3.0
127.0,S2_J2_0,5.5,3.0
127.0,S3_J3_0,20.0,7.0
127.0,S4_J4_0,5.5,1.0
128.0,N1_J1_0,5.8,4.0
128.0,S2_J2_0,5.5,4.0
128.0,S3_J3_0,20.0,8.0
128.0,S4_J4_0,5.5,2.0
129.0,N1_J1_0,5.8,5.0
129.0,S2_J2_0,5.5,5.0
129.0,S3_J3_0,20.0,9.0
129.0,S4_J4_0,5.5,3.0
130.0,N1_J1_0,5.8,6.0
130.0,S2_J2_0,5.5,6.0
130.0,S3_J3_0,20.0,10.0
130.0,S4_J4_0,5.5,4.0
131.0,N1_J1_0,5.8,7.0
131.0,S2_J2_0,5.5,7.0
131.0,S3_J3_0,20.0,11.0
131.0,S4_J4_0,5.5,5.0
132.0,N1_J1_0,5.8,8.0
132.0,S2_J2_0,5.5,8.0
132.0,S3_J3_0,20.0,12.0
132.0,S4_J4_0,5.5,6.0
133.0,N1_J1_0,5.8,9.0
133.0,S2_J2_0,5.5,9.0
133.0,S3_J3_0,20.0,13.0
133.0,S4_J4_0,5.5,7.0
134.0,N1_J1_0,5.8,10.0
134.0,S2_J2_0,5.5,10.0
134.0,S3_J3_0,20.0,14.0
134.0,S4_J4_0,5.5,8.0
135.0,N1_J1_0,5.8,11.0
135.0,S2_J2_0,5.5,11.0
135.0,S3_J3_0,20.0,15.0
135.0,S4_J4_0,5.5,9.0
136.0,N1_J1_0,5.8,12.0
136.0,S2_J2_0,5.5,12.0
136.0,S3_J3_0,20.0,16.0
136.0,S4_J4_0,5.5,10.0
137.0,N1_J1_0,5.8,13.0
137.0,S2_J2_0,5.5,13.0
137.0,S3_J3_0,20.0,17.0
137.0,S4_J4_0,5.5,11.0
138.0,N1_J1_0,5.8,14.0
138.0,S2_J2_0,5.5,14.0
138.0,S3_J3_0,20.0,18.0
138.0,S4_J4_0,5.5,12.0
139.0,N1_J1_0,5.8,15.0
139.0,S1_J1_0,5.51,1.0
139.0,S2_J2_0,5.5,15.0
139.0,S3_J3_0,20.0,19.0
139.0,S4_J4_0,5.5,13.0
140.0,N1_J1_0,5.8,16.0
140.0,S1_J1_0,5.51,2.0
140.0,S2_J2_0,5.5,16.0
140.0,S3_J3_0,20.0,20.0
140.0,S4_J4_0,5.5,14.0
141.0,N1_J1_0,5.8,17.0
141.0,S1_J1_0,5.5,3.0
141.0,S2_J2_0,5.5,17.0
141.0,S3_J3_0,20.0,21.0
141.0,S4_J4_0,5.5,15.0
142.0,N1_J1_0,5.8,18.0
142.0,S1_J1_0,5.5,4.0
142.0,S2_J2_0,5.5,18.0
142.0,S3_J3_0,20.0,22.0
142.0,S4_J4_0,5.5,16.0
143.0,N1_J1_0,5.8,19.0
143.0,S1_J1_0,5.5,5.0
143.0,S2_J2_0,5.5,19.0
143.0,S3_J3_0,34.52,23.0
143.0,S4_J4_0,5.5,17.0
144.0,N1_J1_0,5.8,20.0
144.0,S1_J1_0,5.5,6.0
144.0,S2_J2_0,5.5,20.0
144.0,S3_J3_0,41.54,24.0
144.0,S4_J4_0,5.5,18.0
145.0,N1_J1_0,12.82,21.0
145.0,N3_J3_0,5.51,1.0
145.0,S1_J1_0,5.5,7.0
145.0,S2_J2_0,5.5,21.0
145.0,S3_J3_0,41.52,25.0
145.0,S4_J4_0,5.5,19.0
146.0,N1_J1_0,12.81,22.0
146.0,N3_J3_0,5.5,2.0
146.0,S1_J1_0,5.5,8.0
146.0,S2_J2_0,5.5,22.0
146.0,S3_J3_0,48.54,26.0
146.0,S4_J4_0,5.5,20.0
147.0,N1_J1_0,19.81,23.0
147.0,N3_J3_0,5.5,3.0
147.0,S1_J1_0,5.5,9.0
147.0,S2_J2_0,5.5,23.0
147.0,S3_J3_0,48.52,27.0
147.0,S4_J4_0,5.5,21.0
148.0,N1_J1_0,19.81,24.0
148.0,N3_J3_0,5.5,4.0
148.0,S1_J1_0,5.5,10.0
148.0,S2_J2_0,5.5,24.0
148.0,S3_J3_0,48.51,28.0
148.0,S4_J4_0,5.5,22.0
149.0,N1_J1_0,19.8,25.0
149.0,N3_J3_0,5.5,5.0
149.0,S1_J1_0,5.5,11.0
149.0,S2_J2_0,5.5,25.0
149.0,S3_J3_0,48.51,29.0
149.0,S4_J4_0,5.5,23.0
150.0,N1_J1_0,19.8,26.0
150.0,N3_J3_0,5.5,6.0
150.0,S1_J1_0,5.5,12.0
150.0,S2_J2_0,5.5,26.0
150.0,S3_J3_0,48.51,30.0
150.0,S4_J4_0,12.53,24.0
151.0,N1_J1_0,19.8,27.0
151.0,N3_J3_0,5.5,7.0
151.0,S1_J1_0,5.5,13.0
151.0,S2_J2_0,5.5,27.0
151.0,S3_J3_0,48.51,31.0
151.0,S4_J4_0,12.51,25.0
152.0,J1_J2_0,12.97,1.0
152.0,N1_J1_0,19.8,28.0
152.0,N3_J3_0,5.5,8.0
152.0,S1_J1_0,5.5,14.0
152.0,S2_J2_0,5.5,28.0
152.0,S3_J3_0,48.51,32.0
152.0,S4_J4_0,12.5,26.0
153.0,J1_J2_0,12.97,2.0
153.0,N1_J1_0,19.8,29.0
153.0,N3_J3_0,5.5,9.0
153.0,S1_J1_0,5.5,15.0
153.0,S2_J2_0,5.5,29.0
153.0,S3_J3_0,48.51,33.0
153.0,S4_J4_0,12.5,27.0
154.0,E5_J4_0,5.51,1.0
154.0,J1_J2_0,12.97,3.0
154.0,J1_J2_1,5.52,1.0
154.0,N1_J1_0,19.8,30.0
154.0,N3_J3_0,5.5,10.0
154.0,S1_J1_0,5.5,16.0
154.0,S2_J2_0,20.0,30.0
154.0,S3_J3_0,48.51,34.0
154.0,S4_J4_0,12.5,28.0
155.0,E5_J4_0,5.5,2.0
155.0,J1_J2_0,19.98,4.0
155.0,J1_J2_1,5.51,2.0
155.0,J2_J3_0,5.5,1.0
155.0,J3_J2_0,5.5,1.0
155.0,J3_J4_0,5.53,1.0
155.0,N1_J1_0,19.8,11.0
155.0,S2_J2_0,20.0,2.0
155.0,S3_J3_0,48.51,32.0
155.0,S4_J4_0,12.5,6.0
156.0,E5_J4_0,5.5,3.0
156.0,J1_J2_0,19.97,5.0
156.0,J1_J2_1,5.5,3.0
156.0,J2_J3_0,5.5,2.0
156.0,J3_J2_0,12.51,2.0
156.0,J3_J4_0,5.51,2.0
156.0,N1_J1_0,19.8,10.0
156.0,S3_J3_0,48.51,14.0
157.0,E5_J4_0,5.5,4.0
157.0,J1_J2_0,27.3,6.0
157.0,J1_J2_1,20.04,4.0
157.0,J2_J1_0,5.5,1.0
157.0,J2_J3_0,5.5,3.0
157.0,J2_J3_1,5.82,1.0
157.0,J3_J2_0,12.5,3.0
157.0,J3_J2_1,5.51,1.0
157.0,J3_J4_0,5.5,3.0
157.0,J3_J4_1,5.51,1.0
157.0,S3_J3_0,48.51,14.0
157.0,W0_J1_0,13.01,1.0
158.0,E5_J4_0,5.5,5.0
158.0,J1_J2_0,27.28,7.0
158.0,J1_J2_1,20.01,5.0
158.0,J2_J1_0,5.5,2.0
158.0,J2_J3_0,5.5,4.0
158.0,J2_J3_1,5.8,2.0
158.0,J3_J2_0,12.5,4.0
158.0,J3_J2_1,5.5,2.0
158.0,J3_J4_0,5.5,4.0
158.0,J3_J4_1,5.5,2.0
158.0,S3_J3_0,48.51,13.0
158.0,W0_J1_0,13.0,2.0
159.0,E5_J4_0,5.5,6.0
159.0,E5_J4_1,5.56,1.0
159.0,J1_J2_0,27.27,8.0
159.0,J1_J2_1,27.33,6.0
159.0,J2_J1_0,5.5,3.0
159.0,J2_J3_0,5.5,5.0
159.0,J2_J3_1,5.8,3.0
159.0,J3_J2_0,12.5,5.0
159.0,J3_J2_1,12.81,3.0
159.0,J3_J4_0,5.5,5.0
159.0,J3_J4_1,12.51,3.0
159.0,W0_J1_0,13.0,3.0
160.0,E5_J4_0,5.5,7.0
160.0,E5_J4_1,5.52,2.0
160.0,J1_J2_0,27.27,9.0
160.0,J1_J2_1,27.31,7.0
160.0,J2_J1_0,5.5,4.0
160.0,J2_J3_0,5.5,6.0
160.0,J2_J3_1,5.8,4.0
160.0,J3_J2_0,12.5,6.0
160.0,J3_J2_1,12.8,4.0
160.0,J3_J4_0,12.54,6.0
160.0,J3_J4_1,12.5,4.0
160.0,W0_J1_0,13.0,4.0
161.0,E5_J4_0,5.5,8.0
161.0,E5_J4_1,5.51,3.0
161.0,J1_J2_0,27.27,10.0
161.0,J1_J2_1,27.31,8.0
161.0,J2_J1_0,5.5,5.0
161.0,J2_J3_0,12.5,7.0
161.0,J2_J3_1,5.8,5.0
161.0,J3_J2_0,19.51,7.0
161.0,J3_J2_1,12.8,5.0
161.0,J3_J4_0,12.51,7.0
161.0,J3_J4_1,12.5,5.0
161.0,W0_J1_0,13.0,5.0
162.0,E5_J4_0,12.5,9.0
162.0,E5_J4_1,5.5,4.0
162.0,J1_J2_0,27.27,11.0
162.0,J1_J2_1,27.3,9.0
162.0,J2_J1_0,5.5,6.0
162.0,J2_J3_0,12.5,8.0
162.0,J2_J3_1,5.8,6.0
162.0,J3_J2_0,19.5,8.0
162.0,J3_J2_1,20.14,6.0
162.0,J3_J4_0,19.52,8.0
162.0,J3_J4_1,12.5,6.0
162.0,W0_J1_0,13.0,6.0
163.0,E5_J4_0,12.5,10.0
163.0,E5_J4_1,5.5,5.0
163.0,J1_J2_0,27.27,12.0
163.0,J1_J2_1,27.3,10.0
163.0,J2_J1_0,5.5,7.0
163.0,J2_J3_0,19.51,9.0
163.0,J2_J3_1,20.37,7.0
163.0,J3_J2_0,19.5,9.0
163.0,J3_J2_1,20.11,7.0
163.0,J3_J4_0,19.51,9.0
163.0,J3_J4_1,12.5,7.0
163.0,J4_J3_0,5.55,1.0
163.0,W0_J1_0,13.0,7.0
164.0,E5_J4_0,12.5,11.0
164.0,E5_J4_1,5.5,6.0
164.0,J1_J2_0,27.27,13.0
164.0,J1_J2_1,27.3,11.0
164.0,J2_J1_0,5.5,8.0
164.0,J2_J3_0,26.52,10.0
164.0,J2_J3_1,20.31,8.0
164.0,J3_J2_0,19.5,10.0
164.0,J3_J2_1,20.11,8.0
164.0,J3_J4_0,19.51,10.0
164.0,J3_J4_1,12.5,8.0
164.0,J4_J3_0,5.52,2.0
164.0,W0_J1_0,13.0,8.0
165.0,E5_J4_0,12.5,12.0
165.0,E5_J4_1,5.5,7.0
165.0,J1_J2_0,34.59,14.0
165.0,J1_J2_1,27.3,12.0
165.0,J2_J1_0,5.5,9.0
165.0,J2_J3_0,26.51,11.0
165.0,J2_J3_1,20.3,9.0
165.0,J3_J2_0,19.5,11.0
165.0,J3_J2_1,20.1,9.0
165.0,J3_J4_0,19.5,11.0
165.0,J3_J4_1,12.5,9.0
165.0,J4_J3_0,5.51,3.0
165.0,J4_J3_1,5.5,1.0
165.0,W0_J1_0,13.0,9.0
166.0,E5_J4_0,12.5,13.0
166.0,E5_J4_1,5.5,8.0
166.0,J1_J2_0,34.57,15.0
166.0,J1_J2_1,27.3,13.0
166.0,J2_J1_0,5.5,10.0
166.0,J2_J3_0,26.51,12.0
166.0,J2_J3_1,27.6,10.0
166.0,J3_J2_0,19.5,12.0
166.0,J3_J2_1,20.1,10.0
166.0,J3_J4_0,19.5,12.0
166.0,J3_J4_1,12.5,10.0
166.0,J4_J3_0,5.5,4.0
166.0,J4_J3_1,5.5,2.0
166.0,W0_J1_0,13.0,10.0
166.0,W0_J1_1,13.01,1.0
167.0,E5_J4_0,12.5,14.0
167.0,E5_J4_1,5.5,9.0
167.0,J1_J2_0,34.57,16.0
167.0,J1_J2_1,27.3,14.0
167.0,J2_J1_0,5.5,11.0
167.0,J2_J3_0,26.51,13.0
167.0,J2_J3_1,27.6,11.0
167.0,J3_J2_0,19.5,13.0
167.0,J3_J2_1,20.1,11.0
167.0,J3_J4_0,19.5,13.0
167.0,J3_J4_1,12.5,11.0
167.0,J4_J3_0,5.5,5.0
167.0,J4_J3_1,5.5,3.0
167.0,W0_J1_0,13.0,11.0
167.0,W0_J1_1,13.0,2.0
168.0,E5_J4_0,12.5,15.0
168.0,E5_J4_1,5.5,10.0
168.0,J1_J2_0,34.57,17.0
168.0,J1_J2_1,27.3,15.0
168.0,J2_J1_0,5.5,12.0
168.0,J2_J3_0,33.52,14.0
168.0,J2_J3_1,27.6,12.0
168.0,J3_J2_0,19.5,14.0
168.0,J3_J2_1,20.1,12.0
168.0,J3_J4_0,19.5,14.0
168.0,J3_J4_1,12.5,12.0
168.0,J4_J3_0,5.5,6.0
168.0,J4_J3_1,5.5,4.0
168.0,W0_J1_0,13.0,12.0
168.0,W0_J1_1,13.0,3.0
169.0,E5_J4_0,12.5,16.0
169.0,E5_J4_1,5.5,11.0
169.0,J1_J2_0,34.57,18.0
169.0,J1_J2_1,27.3,16.0
169.0,J2_J1_0,5.5,13.0
169.0,J2_J3_0,33.51,15.0
169.0,J2_J3_1,27.6,13.0
169.0,J3_J2_0,19.5,15.0
169.0,J3_J2_1,20.1,13.0
169.0,J3_J4_0,19.5,15.0
169.0,J3_J4_1,12.5,13.0
169.0,J4_J3_0,5.5,7.0
169.0,J4_J3_1,5.5,5.0
169.0,W0_J1_0,13.0,13.0
169.0,W0_J1_1,13.0,4.0
170.0,E5_J4_0,12.5,17.0
170.0,E5_J4_1,5.5,12.0
170.0,J1_J2_0,34.57,19.0
170.0,J1_J2_1,41.81,17.0
170.0,J2_J1_0,5.5,14.0
170.0,J2_J3_0,33.51,16.0
170.0,J2_J3_1,27.6,14.0
170.0,J3_J2_0,19.5,16.0
170.0,J3_J2_1,20.1,14.0
170.0,J3_J4_0,19.5,16.0
170.0,J3_J4_1,12.5,14.0
170.0,J4_J3_0,5.5,8.0
170.0,J4_J3_1,5.5,6.0
170.0,W0_J1_0,13.0,14.0
170.0,W0_J1_1,13.0,5.0
171.0,E5_J4_0,12.5,18.0
171.0,E5_J4_1,5.5,13.0
171.0,J1_J2_0,34.57,20.0
171.0,J1_J2_1,41.8,18.0
171.0,J2_J1_0,5.5,15.0
171.0,J2_J3_0,33.51,17.0
171.0,J2_J3_1,27.6,15.0
171.0,J3_J2_0,19.5,17.0
171.0,J3_J2_1,20.1,15.0
171.0,J3_J4_0,19.5,17.0
171.0,J3_J4_1,12.5,15.0
171.0,J4_J3_0,5.5,9.0
171.0,J4_J3_1,5.5,7.0
171.0,W0_J1_0,13.0,15.0
171.0,W0_J1_1,13.0,6.0
172.0,E5_J4_0,12.5,19.0
172.0,E5_J4_1,12.56,14.0
172.0,J1_J2_0,34.57,21.0
172.0,J1_J2_1,41.8,19.0
172.0,J2_J1_0,5.5,16.0
172.0,J2_J3_0,33.51,18.0
172.0,J2_J3_1,27.6,16.0
172.0,J3_J2_0,19.5,18.0
172.0,J3_J2_1,20.1,16.0
172.0,J3_J4_0,19.5,18.0
172.0,J3_J4_1,12.5,16.0
172.0,J4_J3_0,5.5,10.0
172.0,J4_J3_1,5.5,8.0
172.0,W0_J1_0,13.0,16.0
172.0,W0_J1_1,13.0,7.0
173.0,E5_J4_0,12.5,20.0
173.0,E5_J4_1,12.51,15.0
173.0,J1_J2_0,34.57,22.0
173.0,J1_J2_1,41.8,20.0
173.0,J2_J1_0,5.5,17.0
173.0,J2_J3_0,33.51,19.0
173.0,J2_J3_1,27.6,17.0
173.0,J3_J2_0,19.5,19.0
173.0,J3_J2_1,20.1,17.0
173.0,J3_J4_0,19.5,19.0
173.0,J3_J4_1,12.5,17.0
173.0,J4_J3_0,5.5,11.0
173.0,J4_J3_1,5.5,9.0
173.0,W0_J1_0,13.0,17.0
173.0,W0_J1_1,13.0,8.0
174.0,E5_J4_0,12.5,21.0
174.0,E5_J4_1,12.51,16.0
174.0,J1_J2_0,34.57,23.0
174.0,J1_J2_1,41.8,21.0
174.0,J2_J1_0,5.5,18.0
174.0,J2_J3_0,33.51,20.0
174.0,J2_J3_1,27.6,18.0
174.0,J3_J2_0,19.5,20.0
174.0,J3_J2_1,20.1,18.0
174.0,J3_J4_0,19.5,20.0
174.0,J3_J4_1,12.5,18.0
174.0,J4_J3_0,5.5,12.0
174.0,J4_J3_1,5.5,10.0
174.0,W0_J1_0,13.0,18.0
174.0,W0_J1_1,20.01,9.0
175.0,E5_J4_0,12.5,22.0
175.0,E5_J4_1,12.5,17.0
175.0,J1_J2_0,34.57,24.0
175.0,J1_J2_1,41.8,22.0
175.0,J2_J1_0,5.5,19.0
175.0,J2_J3_0,33.51,21.0
175.0,J2_J3_1,27.6,19.0
175.0,J3_J2_0,19.5,21.0
175.0,J3_J2_1,20.1,19.0
175.0,J3_J4_0,19.5,21.0
175.0,J3_J4_1,12.5,19.0
175.0,J4_J3_0,5.5,13.0
175.0,J4_J3_1,5.5,11.0
175.0,W0_J1_0,13.0,19.0
175.0,W0_J1_1,20.0,10.0
176.0,E5_J4_0,27.03,23.0
176.0,E5_J4_1,12.5,18.0
176.0,J1_J2_0,34.57,25.0
176.0,J1_J2_1,41.8,23.0
176.0,J2_J1_0,5.5,20.0
176.0,J2_J3_0,33.51,22.0
176.0,J2_J3_1,27.6,20.0
176.0,J3_J2_0,19.5,22.0
176.0,J3_J2_1,20.1,20.0
176.0,J3_J4_0,19.5,22.0
176.0,J3_J4_1,12.5,20.0
176.0,J4_J3_0,5.5,14.0
176.0,J4_J3_1,5.5,12.0
176.0,W0_J1_0,20.02,20.0
176.0,W0_J1_1,20.0,11.0
177.0,E5_J4_0,27.01,24.0
177.0,E5_J4_1,12.5,19.0
177.0,J1_J2_0,34.57,26.0
177.0,J1_J2_1,41.8,24.0
177.0,J2_J1_0,5.5,21.0
177.0,J2_J3_0,33.51,23.0
177.0,J2_J3_1,27.6,21.0
177.0,J3_J2_0,19.5,23.0
177.0,J3_J2_1,20.1,21.0
177.0,J3_J4_0,19.5,23.0
177.0,J3_J4_1,12.5,21.0
177.0,J4_J3_0,5.5,15.0
177.0,J4_J3_1,5.5,13.0
177.0,W0_J1_0,20.01,21.0
177.0,W0_J1_1,20.0,12.0
178.0,E5_J4_0,27.0,25.0
178.0,E5_J4_1,12.5,20.0
178.0,J1_J2_0,34.57,27.0
178.0,J1_J2_1,41.8,25.0
178.0,J2_J1_0,5.5,22.0
178.0,J2_J3_0,33.51,24.0
178.0,J2_J3_1,27.6,22.0
178.0,J3_J2_0,19.5,24.0
178.0,J3_J2_1,20.1,22.0
178.0,J3_J4_0,19.5,24.0
178.0,J3_J4_1,12.5,22.0
178.0,J4_J3_0,5.5,16.0
178.0,J4_J3_1,5.5,14.0
178.0,W0_J1_0,20.0,22.0
178.0,W0_J1_1,20.0,13.0
179.0,E5_J4_0,27.0,26.0
179.0,E5_J4_1,12.5,21.0
179.0,J1_J2_0,34.57,28.0
179.0,J1_J2_1,41.8,26.0
179.0,J2_J1_0,5.5,23.0
179.0,J2_J3_0,33.51,25.0
179.0,J2_J3_1,27.6,23.0
179.0,J3_J2_0,19.5,25.0
179.0,J3_J2_1,20.1,23.0
179.0,J3_J4_0,19.5,25.0
179.0,J3_J4_1,12.5,23.0
179.0,J4_J3_0,5.5,17.0
179.0,J4_J3_1,5.5,15.0
179.0,W0_J1_0,20.0,23.0
179.0,W0_J1_1,27.02,14.0
180.0,E5_J4_0,27.0,19.0
180.0,E5_J4_1,12.5,9.0
180.0,J1_J2_0,34.57,26.0
180.0,J1_J2_1,41.8,24.0
180.0,J2_J3_0,33.51,20.0
180.0,J2_J3_1,27.6,18.0
180.0,J3_J2_0,19.5,25.0
180.0,J3_J2_1,20.1,22.0
180.0,J3_J4_0,19.5,21.0
180.0,J3_J4_1,12.5,22.0
180.0,W0_J1_0,20.0,5.0
180.0,W0_J1_1,27.01,7.0
181.0,E5_J4_0,27.0,6.0
181.0,J1_J2_0,34.57,25.0
181.0,J1_J2_1,41.8,23.0
181.0,J2_J3_0,33.51,19.0
181.0,J2_J3_1,27.6,16.0
181.0,J3_J2_0,19.5,21.0
181.0,J3_J2_1,20.1,20.0
181.0,J3_J4_0,19.5,20.0
181.0,W0_J1_1,27.01,3.0
182.0,J1_J2_0,34.57,18.0
182.0,J1_J2_1,41.8,13.0
182.0,J2_J3_0,33.51,19.0
183.0,J2_J3_0,33.51,16.0
187.0,N4_J4_0,5.5,1.0
188.0,N4_J4_0,5.5,2.0
189.0,N3_J3_0,5.5,1.0
189.0,N4_J4_0,5.5,3.0
190.0,N3_J3_0,5.5,2.0
190.0,N4_J4_0,5.5,4.0
191.0,N3_J3_0,5.5,3.0
191.0,N4_J4_0,5.5,5.0
192.0,N3_J3_0,5.5,4.0
192.0,N4_J4_0,5.5,6.0
193.0,N3_J3_0,5.5,5.0
193.0,N4_J4_0,5.5,7.0
194.0,N1_J1_0,5.5,1.0
194.0,N3_J3_0,5.5,6.0
194.0,N4_J4_0,5.5,8.0
195.0,N1_J1_0,5.5,2.0
195.0,N3_J3_0,5.5,7.0
195.0,N4_J4_0,5.5,9.0
196.0,N1_J1_0,5.5,3.0
196.0,N3_J3_0,5.5,8.0
196.0,N4_J4_0,5.5,10.0
196.0,S3_J3_0,5.53,1.0
197.0,N1_J1_0,5.5,4.0
197.0,N3_J3_0,5.5,9.0
197.0,N4_J4_0,5.5,11.0
197.0,S3_J3_0,5.51,2.0
198.0,N1_J1_0,12.51,5.0
198.0,N3_J3_0,5.5,10.0
198.0,N4_J4_0,5.5,12.0
198.0,S3_J3_0,5.5,3.0
199.0,N1_J1_0,12.5,6.0
199.0,N3_J3_0,5.5,11.0
199.0,N4_J4_0,5.5,13.0
199.0,S3_J3_0,5.5,4.0
200.0,N1_J1_0,12.5,7.0
200.0,N3_J3_0,5.5,12.0
200.0,N4_J4_0,5.5,14.0
200.0,S3_J3_0,5.5,5.0
201.0,N1_J1_0,12.5,8.0
201.0,N3_J3_0,5.5,13.0
201.0,N4_J4_0,5.5,15.0
201.0,S3_J3_0,5.5,6.0
201.0,S4_J4_0,5.51,1.0
202.0,N1_J1_0,12.5,9.0
202.0,N3_J3_0,5.5,14.0
202.0,N4_J4_0,5.5,16.0
202.0,S1_J1_0,12.96,1.0
202.0,S3_J3_0,5.5,7.0
202.0,S4_J4_0,5.51,2.0
203.0,N1_J1_0,12.5,10.0
203.0,N3_J3_0,5.5,15.0
203.0,N4_J4_0,5.5,17.0
203.0,S1_J1_0,5.5,2.0
203.0,S3_J3_0,5.5,8.0
203.0,S4_J4_0,5.5,3.0
204.0,N1_J1_0,12.5,11.0
204.0,N3_J3_0,5.5,16.0
204.0,N4_J4_0,5.5,18.0
204.0,S1_J1_0,12.81,3.0
204.0,S3_J3_0,5.5,9.0
204.0,S4_J4_0,5.5,4.0
205.0,N1_J1_0,12.5,12.0
205.0,N3_J3_0,5.5,17.0
205.0,N4_J4_0,5.5,19.0
205.0,S1_J1_0,12.81,4.0
205.0,S3_J3_0,5.5,10.0
205.0,S4_J4_0,5.5,5.0
206.0,N1_J1_0,12.5,13.0
206.0,N3_J3_0,5.5,18.0
206.0,N4_J4_0,5.5,20.0
206.0,S1_J1_0,12.8,5.0
206.0,S3_J3_0,20.01,11.0
206.0,S4_J4_0,5.5,6.0
207.0,N1_J1_0,12.5,14.0
207.0,N3_J3_0,5.5,19.0
207.0,N4_J4_0,5.5,21.0
207.0,S1_J1_0,12.8,6.0
207.0,S3_J3_0,20.0,12.0
207.0,S4_J4_0,5.5,7.0
208.0,N1_J1_0,12.5,15.0
208.0,N3_J3_0,5.5,20.0
208.0,N4_J4_0,5.5,22.0
208.0,S1_J1_0,12.8,7.0
208.0,S3_J3_0,20.0,13.0
208.0,S4_J4_0,5.5,8.0
209.0,N1_J1_0,12.5,16.0
209.0,N3_J3_0,5.5,21.0
209.0,N4_J4_0,5.5,23.0
209.0,S1_J1_0,12.8,8.0
209.0,S3_J3_0,20.0,14.0
209.0,S4_J4_0,5.5,9.0
210.0,N1_J1_0,12.5,17.0
210.0,N3_J3_0,5.5,22.0
210.0,N4_J4_0,5.5,24.0
210.0,S1_J1_0,12.8,9.0
210.0,S3_J3_0,20.0,15.0
210.0,S4_J4_0,5.5,10.0
211.0,N1_J1_0,12.5,18.0
211.0,N3_J3_0,5.5,23.0
211.0,N4_J4_0,5.5,25.0
211.0,S1_J1_0,12.8,10.0
211.0,S3_J3_0,20.0,16.0
211.0,S4_J4_0,5.5,11.0
212.0,N1_J1_0,12.5,19.0
212.0,N3_J3_0,12.51,24.0
212.0,N4_J4_0,5.5,26.0
212.0,S1_J1_0,12.8,11.0
212.0,S3_J3_0,27.31,17.0
212.0,S4_J4_0,5.5,12.0
213.0,N1_J1_0,12.5,20.0
213.0,N3_J3_0,12.5,25.0
213.0,N4_J4_0,5.5,27.0
213.0,S1_J1_0,12.8,12.0
213.0,S3_J3_0,27.31,18.0
213.0,S4_J4_0,5.5,13.0
214.0,J3_J2_0,5.5,1.0
214.0,N1_J1_0,12.5,21.0
214.0,N3_J3_0,12.5,26.0
214.0,N4_J4_0,12.81,28.0
214.0,S1_J1_0,19.81,13.0
214.0,S3_J3_0,27.3,19.0
214.0,S4_J4_0,5.5,14.0
214.0,W0_J1_0,5.81,1.0
215.0,J2_J1_0,5.52,1.0
215.0,J2_J1_1,5.56,1.0
215.0,J3_J2_0,5.5,2.0
215.0,N1_J1_0,12.5,18.0
215.0,N3_J3_0,12.5,4.0
215.0,N4_J4_0,12.8,2.0
215.0,S1_J1_0,19.81,12.0
215.0,S3_J3_0,27.3,10.0
215.0,W0_J1_0,5.8,2.0
216.0,J2_J1_0,5.5,2.0
216.0,J2_J1_1,5.51,2.0
216.0,J3_J2_0,5.5,3.0
216.0,J3_J4_0,5.51,1.0
216.0,N4_J4_0,27.38,1.0
216.0,S1_J1_0,19.8,3.0
216.0,S3_J3_0,27.3,5.0
216.0,W0_J1_0,5.8,3.0
217.0,J2_J1_0,5.5,3.0
217.0,J2_J1_1,5.5,3.0
217.0,J3_J2_0,5.5,4.0
217.0,J3_J4_0,5.5,2.0
217.0,W0_J1_0,5.8,4.0
218.0,E5_J4_0,5.53,1.0
218.0,J2_J1_0,5.5,4.0
218.0,J2_J1_1,5.5,4.0
218.0,J3_J2_0,5.5,5.0
218.0,J3_J4_0,5.5,3.0
218.0,W0_J1_0,5.8,5.0
219.0,E5_J4_0,5.51,2.0
219.0,E5_J4_1,5.5,1.0
219.0,J2_J1_0,5.5,5.0
219.0,J2_J1_1,5.5,5.0
219.0,J3_J2_0,5.5,6.0
219.0,J3_J4_0,5.5,4.0
219.0,W0_J1_0,5.8,6.0
220.0,E5_J4_0,5.51,3.0
220.0,E5_J4_1,5.5,2.0
220.0,J2_J1_0,5.5,6.0
220.0,J2_J1_1,5.5,6.0
220.0,J3_J2_0,12.5,7.0
220.0,J3_J2_1,12.57,1.0
220.0,J3_J4_0,5.5,5.0
220.0,W0_J1_0,5.8,7.0
220.0,W0_J1_1,5.54,1.0
221.0,E5_J4_0,5.5,4.0
221.0,E5_J4_1,5.5,3.0
221.0,J2_J1_0,5.5,7.0
221.0,J2_J1_1,5.5,7.0
221.0,J3_J2_0,12.5,8.0
221.0,J3_J2_1,12.52,2.0
221.0,J3_J4_0,5.5,6.0
221.0,J4_J3_0,13.03,1.0
221.0,W0_J1_0,5.8,8.0
221.0,W0_J1_1,5.5,2.0
222.0,E5_J4_0,5.5,5.0
222.0,E5_J4_1,5.5,4.0
222.0,J2_J1_0,5.5,8.0
222.0,J2_J1_1,5.5,8.0
222.0,J3_J2_0,12.5,9.0
222.0,J3_J2_1,12.51,3.0
222.0,J3_J4_0,5.5,7.0
222.0,J4_J3_0,13.01,2.0
222.0,W0_J1_0,5.8,9.0
222.0,W0_J1_1,5.5,3.0
223.0,E5_J4_0,5.5,6.0
223.0,E5_J4_1,5.5,5.0
223.0,J2_J1_0,5.5,9.0
223.0,J2_J1_1,5.5,9.0
223.0,J2_J3_1,13.03,1.0
223.0,J3_J2_0,12.5,10.0
223.0,J3_J2_1,12.5,4.0
223.0,J3_J4_0,20.01,8.0
223.0,J4_J3_0,13.0,3.0
223.0,W0_J1_0,5.8,10.0
223.0,W0_J1_1,5.5,4.0
224.0,E5_J4_0,5.5,7.0
224.0,E5_J4_1,5.5,6.0
224.0,J1_J2_0,5.5,1.0
224.0,J2_J1_0,5.5,10.0
224.0,J2_J1_1,5.5,10.0
224.0,J2_J3_1,13.01,2.0
224.0,J3_J2_0,19.56,11.0
224.0,J3_J2_1,12.5,5.0
224.0,J3_J4_0,20.0,9.0
224.0,J4_J3_0,13.0,4.0
224.0,W0_J1_0,5.8,11.0
224.0,W0_J1_1,5.5,5.0
225.0,E5_J4_0,5.5,8.0
225.0,E5_J4_1,5.5,7.0
225.0,J1_J2_0,5.5,2.0
225.0,J2_J1_0,5.5,11.0
225.0,J2_J1_1,5.5,11.0
225.0,J2_J3_1,13.0,3.0
225.0,J3_J2_0,19.53,12.0
225.0,J3_J2_1,12.5,6.0
225.0,J3_J4_0,27.01,10.0
225.0,J3_J4_1,13.06,1.0
225.0,J4_J3_0,13.0,5.0
225.0,W0_J1_0,5.8,12.0
225.0,W0_J1_1,5.5,6.0
226.0,E5_J4_0,5.5,9.0
226.0,E5_J4_1,5.5,8.0
226.0,J1_J2_0,5.5,3.0
226.0,J1_J2_1,5.83,1.0
226.0,J2_J1_0,5.5,12.0
226.0,J2_J1_1,5.5,12.0
226.0,J2_J3_0,13.0,1.0
226.0,J2_J3_1,20.03,4.0
226.0,J3_J2_0,19.51,13.0
226.0,J3_J2_1,12.5,7.0
226.0,J3_J4_0,27.0,11.0
226.0,J3_J4_1,13.01,2.0
226.0,J4_J3_0,13.0,6.0
226.0,W0_J1_0,5.8,13.0
226.0,W0_J1_1,5.5,7.0
227.0,E5_J4_0,5.5,10.0
227.0,E5_J4_1,5.5,9.0
227.0,J1_J2_0,5.5,4.0
227.0,J1_J2_1,5.8,2.0
227.0,J2_J1_0,5.5,13.0
227.0,J2_J1_1,5.5,13.0
227.0,J2_J3_0,20.02,2.0
227.0,J2_J3_1,27.04,5.0
227.0,J3_J2_0,34.01,14.0
227.0,J3_J2_1,19.56,8.0
227.0,J3_J4_0,34.32,12.0
227.0,J3_J4_1,20.32,3.0
227.0,J4_J3_0,13.0,7.0
227.0,W0_J1_0,5.8,14.0
227.0,W0_J1_1,5.5,8.0
228.0,E5_J4_0,5.5,11.0
228.0,E5_J4_1,5.5,10.0
228.0,J1_J2_0,5.5,5.0
228.0,J1_J2_1,5.8,3.0
228.0,J2_J1_0,5.5,14.0
228.0,J2_J1_1,5.5,14.0
228.0,J2_J3_0,20.0,3.0
228.0,J2_J3_1,27.02,6.0
228.0,J3_J2_0,34.01,15.0
228.0,J3_J2_1,19.53,9.0
228.0,J3_J4_0,41.67,13.0
228.0,J3_J4_1,20.31,4.0
228.0,J4_J3_0,13.0,8.0
228.0,W0_J1_0,5.8,15.0
228.0,W0_J1_1,5.5,9.0
229.0,E5_J4_0,5.5,12.0
229.0,E5_J4_1,5.5,11.0
229.0,J1_J2_0,5.5,6.0
229.0,J1_J2_1,5.8,4.0
229.0,J2_J1_0,5.5,15.0
229.0,J2_J1_1,5.5,15.0
229.0,J2_J3_0,27.02,4.0
229.0,J2_J3_1,27.01,7.0
229.0,J3_J2_0,34.01,16.0
229.0,J3_J2_1,19.51,10.0
229.0,J3_J4_0,41.63,14.0
229.0,J3_J4_1,34.81,5.0
229.0,J4_J3_0,13.0,9.0
229.0,W0_J1_0,5.8,16.0
229.0,W0_J1_1,5.5,10.0
230.0,E5_J4_0,5.5,13.0
230.0,E5_J4_1,5.5,12.0
230.0,J1_J2_0,5.5,7.0
230.0,J1_J2_1,5.8,5.0
230.0,J2_J1_0,5.5,16.0
230.0,J2_J1_1,5.5,16.0
230.0,J2_J3_0,27.01,5.0
230.0,J2_J3_1,27.0,8.0
230.0,J3_J2_0,34.0,17.0
230.0,J3_J2_1,19.5,11.0
230.0,J3_J4_0,41.61,15.0
230.0,J3_J4_1,34.8,6.0
230.0,J4_J3_0,13.0,10.0
230.0,W0_J1_0,20.36,17.0
230.0,W0_J1_1,5.5,11.0
231.0,E5_J4_0,5.5,14.0
231.0,E5_J4_1,5.5,13.0
231.0,J1_J2_0,5.5,8.0
231.0,J1_J2_1,5.8,6.0
231.0,J2_J1_0,5.5,17.0
231.0,J2_J1_1,5.5,17.0
231.0,J2_J3_0,27.01,6.0
231.0,J2_J3_1,27.0,9.0
231.0,J3_J2_0,34.0,18.0
231.0,J3_J2_1,19.5,12.0
231.0,J3_J4_0,41.61,16.0
231.0,J3_J4_1,34.8,7.0
231.0,J4_J3_0,13.0,11.0
231.0,W0_J1_0,20.31,18.0
231.0,W0_J1_1,5.5,12.0
232.0,E5_J4_0,5.5,15.0
232.0,E5_J4_1,5.5,14.0
232.0,J1_J2_0,5.5,9.0
232.0,J1_J2_1,5.8,7.0
232.0,J2_J1_0,5.5,18.0
232.0,J2_J1_1,5.5,18.0
232.0,J2_J3_0,27.0,7.0
232.0,J2_J3_1,27.0,10.0
232.0,J3_J2_0,34.0,19.0
232.0,J3_J2_1,19.5,13.0
232.0,J3_J4_0,41.61,17.0
232.0,J3_J4_1,34.8,8.0
232.0,J4_J3_0,13.0,12.0
232.0,W0_J1_0,20.3,19.0
232.0,W0_J1_1,5.5,13.0
233.0,E5_J4_0,5.5,16.0
233.0,E5_J4_1,5.5,15.0
233.0,J1_J2_0,5.5,10.0
233.0,J1_J2_1,5.8,8.0
233.0,J2_J1_0,5.5,19.0
233.0,J2_J1_1,5.5,19.0
233.0,J2_J3_0,27.0,8.0
233.0,J2_J3_1,27.0,11.0
233.0,J3_J2_0,34.0,20.0
233.0,J3_J2_1,19.5,14.0
233.0,J3_J4_0,41.61,18.0
233.0,J3_J4_1,34.8,9.0
233.0,J4_J3_0,13.0,13.0
233.0,W0_J1_0,20.3,20.0
233.0,W0_J1_1,5.5,14.0
234.0,E5_J4_0,5.5,17.0
234.0,E5_J4_1,5.5,16.0
234.0,J1_J2_0,5.5,11.0
234.0,J1_J2_1,5.8,9.0
234.0,J2_J1_0,5.5,20.0
234.0,J2_J1_1,5.5,20.0
234.0,J2_J3_0,27.0,9.0
234.0,J2_J3_1,27.0,12.0
234.0,J3_J2_0,34.0,21.0
234.0,J3_J2_1,19.5,15.0
234.0,J3_J4_0,41.61,19.0
234.0,J3_J4_1,34.8,10.0
234.0,J4_J3_0,13.0,14.0
234.0,W0_J1_0,20.3,21.0
234.0,W0_J1_1,5.5,15.0
235.0,E5_J4_0,5.5,18.0
235.0,E5_J4_1,5.5,17.0
235.0,J1_J2_0,5.5,12.0
235.0,J1_J2_1,5.8,10.0
235.0,J2_J1_0,5.5,21.0
235.0,J2_J1_1,5.5,21.0
235.0,J2_J3_0,27.0,10.0
235.0,J2_J3_1,27.0,13.0
235.0,J3_J2_0,34.0,22.0
235.0,J3_J2_1,19.5,16.0
235.0,J3_J4_0,41.61,20.0
235.0,J3_J4_1,34.8,11.0
235.0,J4_J3_0,13.0,15.0
235.0,W0_J1_0,20.3,22.0
235.0,W0_J1_1,12.51,16.0
236.0,E5_J4_0,5.5,19.0
236.0,E5_J4_1,5.5,18.0
236.0,J1_J2_0,5.5,13.0
236.0,J1_J2_1,5.8,11.0
236.0,J2_J1_0,5.5,22.0
236.0,J2_J1_1,5.5,22.0
236.0,J2_J3_0,27.0,11.0
236.0,J2_J3_1,27.0,14.0
236.0,J3_J2_0,34.0,23.0
236.0,J3_J2_1,19.5,17.0
236.0,J3_J4_0,41.61,21.0
236.0,J3_J4_1,34.8,12.0
236.0,J4_J3_0,13.0,16.0
236.0,W0_J1_0,20.3,23.0
236.0,W0_J1_1,12.5,17.0
237.0,E5_J4_0,5.5,20.0
237.0,E5_J4_1,5.5,19.0
237.0,J1_J2_0,5.5,14.0
237.0,J1_J2_1,5.8,12.0
237.0,J2_J1_0,5.5,23.0
237.0,J2_J1_1,5.5,23.0
237.0,J2_J3_0,27.0,12.0
237.0,J2_J3_1,27.0,15.0
237.0,J3_J2_0,34.0,24.0
237.0,J3_J2_1,19.5,18.0
237.0,J3_J4_0,41.61,22.0
237.0,J3_J4_1,34.8,13.0
237.0,J4_J3_0,13.0,17.0
237.0,W0_J1_0,20.3,24.0
237.0,W0_J1_1,19.55,18.0
238.0,E5_J4_0,5.5,21.0
238.0,E5_J4_1,5.5,20.0
238.0,J1_J2_0,5.5,15.0
238.0,J1_J2_1,5.8,13.0
238.0,J2_J1_0,5.5,24.0
238.0,J2_J1_1,5.5,24.0
238.0,J2_J3_0,27.0,13.0
238.0,J2_J3_1,27.0,16.0
238.0,J3_J2_0,34.0,25.0
238.0,J3_J2_1,19.5,19.0
238.0,J3_J4_0,41.61,23.0
238.0,J3_J4_1,34.8,14.0
238.0,J4_J3_0,13.0,18.0
238.0,W0_J1_0,20.3,25.0
238.0,W0_J1_1,19.51,19.0
239.0,E5_J4_0,5.5,22.0
239.0,E5_J4_1,5.5,21.0
239.0,J1_J2_0,5.5,16.0
239.0,J1_J2_1,5.8,14.0
239.0,J2_J1_0,5.5,25.0
239.0,J2_J1_1,5.5,25.0
239.0,J2_J3_0,27.0,14.0
239.0,J2_J3_1,27.0,17.0
239.0,J3_J2_0,34.0,26.0
239.0,J3_J2_1,19.5,20.0
239.0,J3_J4_0,41.61,24.0
239.0,J3_J4_1,34.8,15.0
239.0,J4_J3_0,13.0,19.0
239.0,W0_J1_0,20.3,26.0
239.0,W0_J1_1,34.01,20.0
240.0,E5_J4_1,12.57,1.0
240.0,J2_J3_0,27.0,14.0
240.0,J2_J3_1,27.0,15.0
240.0,J3_J2_0,34.0,21.0
240.0,J3_J2_1,19.5,21.0
240.0,J3_J4_0,41.61,18.0
240.0,J3_J4_1,34.8,14.0
240.0,W0_J1_0,20.3,11.0
240.0,W0_J1_1,34.01,6.0
241.0,J2_J3_0,27.0,13.0
241.0,J2_J3_1,27.0,15.0
241.0,J3_J2_0,34.0,18.0
241.0,J3_J2_1,19.5,15.0
241.0,J3_J4_0,41.61,17.0
241.0,J3_J4_1,34.8,13.0
241.0,W0_J1_1,34.0,5.0
242.0,J3_J2_0,34.0,16.0
242.0,J3_J4_0,41.61,16.0
242.0,W0_J1_1,41.03,4.0
243.0,J3_J4_0,41.61,16.0
243.0,S4_J4_0,5.5,1.0
243.0,W0_J1_1,41.02,2.0
244.0,N2_J2_0,5.82,1.0
244.0,S4_J4_0,5.5,2.0
245.0,N2_J2_0,5.81,2.0
245.0,S4_J4_0,12.81,3.0
246.0,N2_J2_0,5.8,3.0
246.0,S4_J4_0,12.8,4.0
247.0,N2_J2_0,5.8,4.0
247.0,S4_J4_0,12.8,5.0
248.0,N2_J2_0,5.8,5.0
248.0,S4_J4_0,12.8,6.0
249.0,N2_J2_0,5.8,6.0
249.0,S4_J4_0,12.8,7.0
250.0,N2_J2_0,5.8,7.0
250.0,S4_J4_0,12.8,8.0
251.0,N2_J2_0,5.8,8.0
251.0,N3_J3_0,5.8,1.0
251.0,S4_J4_0,12.8,9.0
252.0,N2_J2_0,5.8,9.0
252.0,N3_J3_0,5.8,2.0
252.0,S4_J4_0,12.8,10.0
253.0,N2_J2_0,5.8,10.0
253.0,N3_J3_0,5.8,3.0
253.0,S2_J2_0,5.52,1.0
253.0,S4_J4_0,12.8,11.0
254.0,N2_J2_0,5.8,11.0
254.0,N3_J3_0,5.8,4.0
254.0,S2_J2_0,5.5,2.0
254.0,S4_J4_0,12.8,12.0
255.0,N2_J2_0,5.8,12.0
255.0,N3_J3_0,5.8,5.0
255.0,S2_J2_0,5.5,3.0
255.0,S4_J4_0,12.8,13.0
256.0,N2_J2_0,5.8,13.0
256.0,N3_J3_0,5.8,6.0
256.0,S2_J2_0,5.5,4.0
256.0,S4_J4_0,12.8,14.0
257.0,N2_J2_0,5.8,14.0
257.0,N3_J3_0,5.8,7.0
257.0,S1_J1_0,5.51,1.0
257.0,S2_J2_0,5.5,5.0
257.0,S4_J4_0,12.8,15.0
258.0,N2_J2_0,5.8,15.0
258.0,N3_J3_0,5.8,8.0
258.0,S1_J1_0,5.5,2.0
258.0,S2_J2_0,5.5,6.0
258.0,S4_J4_0,12.8,16.0
259.0,N2_J2_0,5.8,16.0
259.0,N3_J3_0,5.8,9.0
259.0,S1_J1_0,5.5,3.0
259.0,S2_J2_0,5.5,7.0
259.0,S4_J4_0,12.8,17.0
260.0,N2_J2_0,5.8,17.0
260.0,N3_J3_0,5.8,10.0
260.0,S1_J1_0,5.5,4.0
260.0,S2_J2_0,5.5,8.0
260.0,S4_J4_0,12.8,18.0
261.0,N2_J2_0,5.8,18.0
261.0,N3_J3_0,5.8,11.0
261.0,S1_J1_0,5.5,5.0
261.0,S2_J2_0,5.5,9.0
261.0,S4_J4_0,19.81,19.0
262.0,N2_J2_0,5.8,19.0
262.0,N3_J3_0,5.8,12.0
262.0,S1_J1_0,5.5,6.0
262.0,S2_J2_0,5.5,10.0
262.0,S4_J4_0,19.8,20.0
263.0,N2_J2_0,5.8,20.0
263.0,N3_J3_0,5.8,13.0
263.0,S1_J1_0,5.5,7.0
263.0,S2_J2_0,5.5,11.0
263.0,S3_J3_0,5.51,1.0
263.0,S4_J4_0,19.8,21.0
264.0,N2_J2_0,5.8,21.0
264.0,N3_J3_0,5.8,14.0
264.0,S1_J1_0,5.5,8.0
264.0,S2_J2_0,5.5,12.0
264.0,S3_J3_0,5.5,2.0
264.0,S4_J4_0,19.8,22.0
265.0,N2_J2_0,5.8,22.0
265.0,N3_J3_0,5.8,15.0
265.0,S1_J1_0,5.5,9.0
265.0,S2_J2_0,5.5,13.0
265.0,S3_J3_0,5.5,3.0
265.0,S4_J4_0,19.8,23.0
266.0,N2_J2_0,5.8,23.0
266.0,N3_J3_0,5.8,16.0
266.0,S1_J1_0,5.5,10.0
266.0,S2_J2_0,5.5,14.0
266.0,S3_J3_0,5.5,4.0
266.0,S4_J4_0,19.8,24.0
267.0,N2_J2_0,13.11,24.0
267.0,N3_J3_0,5.8,17.0
267.0,S1_J1_0,5.5,11.0
267.0,S2_J2_0,5.5,15.0
267.0,S3_J3_0,5.5,5.0
267.0,S4_J4_0,19.8,25.0
268.0,N2_J2_0,13.1,25.0
268.0,N3_J3_0,5.8,18.0
268.0,S1_J1_0,5.5,12.0
268.0,S2_J2_0,5.5,16.0
268.0,S3_J3_0,5.5,6.0
268.0,S4_J4_0,19.8,26.0
269.0,N2_J2_0,13.1,26.0
269.0,N3_J3_0,5.8,19.0
269.0,S1_J1_0,5.5,13.0
269.0,S2_J2_0,5.5,17.0
269.0,S3_J3_0,5.5,7.0
269.0,S4_J4_0,19.8,27.0
270.0,N2_J2_0,13.1,27.0
270.0,N3_J3_0,5.8,20.0
270.0,S1_J1_0,5.5,14.0
270.0,S2_J2_0,5.5,18.0
270.0,S3_J3_0,5.5,8.0
270.0,S4_J4_0,26.81,28.0
271.0,N2_J2_0,13.1,28.0
271.0,N3_J3_0,5.8,21.0
271.0,S1_J1_0,5.5,15.0
271.0,S2_J2_0,5.5,19.0
271.0,S3_J3_0,5.5,9.0
271.0,S4_J4_0,26.8,29.0
272.0,N2_J2_0,13.1,29.0
272.0,N3_J3_0,5.8,22.0
272.0,S1_J1_0,5.5,16.0
272.0,S2_J2_0,5.5,20.0
272.0,S3_J3_0,5.5,10.0
272.0,S4_J4_0,26.8,30.0
273.0,E5_J4_0,13.0,1.0
273.0,N2_J2_0,13.1,30.0
273.0,N3_J3_0,5.8,23.0
273.0,S1_J1_0,5.5,17.0
273.0,S2_J2_0,5.5,21.0
273.0,S3_J3_0,12.5,11.0
273.0,S4_J4_0,26.8,31.0
274.0,E5_J4_0,13.0,2.0
274.0,J1_J2_1,5.55,1.0
274.0,J4_J3_0,5.54,1.0
274.0,N2_J2_0,13.1,31.0
274.0,N3_J3_0,5.8,24.0
274.0,S1_J1_0,5.5,18.0
274.0,S2_J2_0,5.5,22.0
274.0,S3_J3_0,12.5,12.0
274.0,S4_J4_0,26.8,32.0
274.0,W0_J1_0,5.81,1.0
275.0,E5_J4_0,13.0,3.0
275.0,J1_J2_0,5.52,1.0
275.0,J1_J2_1,5.51,2.0
275.0,J3_J4_0,5.8,1.0
275.0,J4_J3_0,5.52,2.0
275.0,N2_J2_0,13.1,9.0
275.0,S3_J3_0,12.5,3.0
275.0,S4_J4_0,26.8,31.0
275.0,W0_J1_0,5.8,2.0
276.0,E5_J4_0,13.0,4.0
276.0,E5_J4_1,5.5,1.0
276.0,J1_J2_0,5.5,2.0
276.0,J1_J2_1,5.5,3.0
276.0,J2_J3_0,5.81,1.0
276.0,J2_J3_1,5.52,1.0
276.0,J3_J4_0,5.8,2.0
276.0,J4_J3_0,5.5,3.0
276.0,J4_J3_1,5.5,1.0
276.0,S4_J4_0,26.8,16.0
276.0,W0_J1_0,5.8,3.0
277.0,E5_J4_0,13.0,5.0
277.0,E5_J4_1,5.5,2.0
277.0,J1_J2_0,5.5,3.0
277.0,J1_J2_1,12.51,4.0
277.0,J2_J3_0,5.8,2.0
277.0,J2_J3_1,5.51,2.0
277.0,J3_J2_0,5.52,1.0
277.0,J3_J2_1,5.55,1.0
277.0,J3_J4_0,5.8,3.0
277.0,J4_J3_0,20.05,4.0
277.0,J4_J3_1,5.5,2.0
277.0,S4_J4_0,26.8,8.0
277.0,W0_J1_0,5.8,4.0
277.0,W0_J1_1,5.51,1.0
278.0,E5_J4_0,13.0,6.0
278.0,E5_J4_1,5.5,3.0
278.0,J1_J2_0,5.5,4.0
278.0,J1_J2_1,12.5,5.0
278.0,J2_J3_0,5.8,3.0
278.0,J2_J3_1,5.5,3.0
278.0,J3_J2_0,5.51,2.0
278.0,J3_J2_1,5.5,2.0
278.0,J3_J4_0,5.8,4.0
278.0,J4_J3_0,20.0,5.0
278.0,J4_J3_1,5.5,3.0
278.0,W0_J1_0,5.8,5.0
278.0,W0_J1_1,5.5,2.0
279.0,E5_J4_0,13.0,7.0
279.0,E5_J4_1,5.5,4.0
279.0,J1_J2_0,5.5,5.0
279.0,J1_J2_1,12.5,6.0
279.0,J2_J3_0,5.8,4.0
279.0,J2_J3_1,12.53,4.0
279.0,J3_J2_0,5.5,3.0
279.0,J3_J2_1,12.53,3.0
279.0,J3_J4_0,5.8,5.0
279.0,J4_J3_0,20.0,6.0
279.0,J4_J3_1,5.5,4.0
279.0,W0_J1_0,5.8,6.0
279.0,W0_J1_1,5.5,3.0
280.0,E5_J4_0,13.0,8.0
280.0,E5_J4_1,5.5,5.0
280.0,J1_J2_0,5.5,6.0
280.0,J1_J2_1,12.5,7.0
280.0,J2_J3_0,5.8,5.0
280.0,J2_J3_1,12.5,5.0
280.0,J3_J2_0,5.5,4.0
280.0,J3_J2_1,12.5,4.0
280.0,J3_J4_0,5.8,6.0
280.0,J3_J4_1,5.51,1.0
280.0,J4_J3_0,20.0,7.0
280.0,J4_J3_1,5.5,5.0
280.0,W0_J1_0,5.8,7.0
280.0,W0_J1_1,5.5,4.0
281.0,E5_J4_0,13.0,9.0
281.0,E5_J4_1,5.5,6.0
281.0,J1_J2_0,5.5,7.0
281.0,J1_J2_1,12.5,8.0
281.0,J2_J3_0,5.8,6.0
281.0,J2_J3_1,12.5,6.0
281.0,J3_J2_0,5.5,5.0
281.0,J3_J2_1,12.5,5.0
281.0,J3_J4_0,5.8,7.0
281.0,J3_J4_1,5.5,2.0
281.0,J4_J3_0,20.0,8.0
281.0,J4_J3_1,5.5,6.0
281.0,W0_J1_0,5.8,8.0
281.0,W0_J1_1,5.5,5.0
282.0,E5_J4_0,13.0,10.0
282.0,E5_J4_1,5.5,7.0
282.0,J1_J2_0,5.5,8.0
282.0,J1_J2_1,12.5,9.0
282.0,J2_J3_0,5.8,7.0
282.0,J2_J3_1,12.5,7.0
282.0,J3_J2_0,5.5,6.0
282.0,J3_J2_1,12.5,6.0
282.0,J3_J4_0,5.8,8.0
282.0,J3_J4_1,5.5,3.0
282.0,J4_J3_0,20.0,9.0
282.0,J4_J3_1,5.5,7.0
282.0,W0_J1_0,5.8,9.0
282.0,W0_J1_1,5.5,6.0
283.0,E5_J4_0,13.0,11.0
283.0,E5_J4_1,5.5,8.0
283.0,J1_J2_0,20.01,9.0
283.0,J1_J2_1,12.5,10.0
283.0,J2_J3_0,12.85,8.0
283.0,J2_J3_1,12.5,8.0
283.0,J3_J2_0,5.5,7.0
283.0,J3_J2_1,12.5,7.0
283.0,J3_J4_0,5.8,9.0
283.0,J3_J4_1,5.5,4.0
283.0,J4_J3_0,20.0,10.0
283.0,J4_J3_1,5.5,8.0
283.0,W0_J1_0,5.8,10.0
283.0,W0_J1_1,5.5,7.0
284.0,E5_J4_0,13.0,12.0
284.0,E5_J4_1,5.5,9.0
284.0,J1_J2_0,20.0,10.0
284.0,J1_J2_1,27.01,11.0
284.0,J2_J1_0,13.0,1.0
284.0,J2_J3_0,12.81,9.0
284.0,J2_J3_1,12.5,9.0
284.0,J3_J2_0,5.5,8.0
284.0,J3_J2_1,12.5,8.0
284.0,J3_J4_0,5.8,10.0
284.0,J3_J4_1,5.5,5.0
284.0,J4_J3_0,20.0,11.0
284.0,J4_J3_1,5.5,9.0
284.0,W0_J1_0,5.8,11.0
284.0,W0_J1_1,5.5,8.0
285.0,E5_J4_0,13.0,13.0
285.0,E5_J4_1,5.5,10.0
285.0,J1_J2_0,20.0,11.0
285.0,J1_J2_1,27.01,12.0
285.0,J2_J1_0,13.0,2.0
285.0,J2_J3_0,12.81,10.0
285.0,J2_J3_1,12.5,10.0
285.0,J3_J2_0,5.5,9.0
285.0,J3_J2_1,12.5,9.0
285.0,J3_J4_0,5.8,11.0
285.0,J3_J4_1,5.5,6.0
285.0,J4_J3_0,20.0,12.0
285.0,J4_J3_1,5.5,10.0
285.0,W0_J1_0,12.86,12.0
285.0,W0_J1_1,5.5,9.0
286.0,E5_J4_0,13.0,14.0
286.0,E5_J4_1,12.55,11.0
286.0,J1_J2_0,20.0,12.0
286.0,J1_J2_1,27.0,13.0
286.0,J2_J1_0,13.0,3.0
286.0,J2_J3_0,27.32,11.0
286.0,J2_J3_1,12.5,11.0
286.0,J3_J2_0,5.5,10.0
286.0,J3_J2_1,12.5,10.0
286.0,J3_J4_0,5.8,12.0
286.0,J3_J4_1,5.5,7.0
286.0,J4_J3_0,20.0,13.0
286.0,J4_J3_1,5.5,11.0
286.0,W0_J1_0,5.8,13.0
286.0,W0_J1_1,12.81,10.0
287.0,E5_J4_0,13.0,15.0
287.0,E5_J4_1,12.51,12.0
287.0,J1_J2_0,20.0,13.0
287.0,J1_J2_1,27.0,14.0
287.0,J2_J1_0,13.0,4.0
287.0,J2_J3_0,41.83,12.0
287.0,J2_J3_1,12.5,12.0
287.0,J3_J2_0,5.5,11.0
287.0,J3_J2_1,12.5,11.0
287.0,J3_J4_0,5.8,13.0
287.0,J3_J4_1,5.5,8.0
287.0,J4_J3_0,20.0,14.0
287.0,J4_J3_1,5.5,12.0
287.0,W0_J1_0,5.8,14.0
287.0,W0_J1_1,5.5,11.0
288.0,E5_J4_0,13.0,16.0
288.0,E5_J4_1,12.51,13.0
288.0,J1_J2_0,20.0,14.0
288.0,J1_J2_1,27.0,15.0
288.0,J2_J1_0,13.0,5.0
288.0,J2_J3_0,41.81,13.0
288.0,J2_J3_1,12.5,13.0
288.0,J3_J2_0,5.5,12.0
288.0,J3_J2_1,12.5,12.0
288.0,J3_J4_0,5.8,14.0
288.0,J3_J4_1,5.5,9.0
288.0,J4_J3_0,20.0,15.0
288.0,J4_J3_1,5.5,13.0
288.0,W0_J1_0,5.8,15.0
288.0,W0_J1_1,12.53,12.0
289.0,E5_J4_0,13.0,17.0
289.0,E5_J4_1,12.5,14.0
289.0,J1_J2_0,20.0,15.0
289.0,J1_J2_1,27.0,16.0
289.0,J2_J1_0,13.0,6.0
289.0,J2_J3_0,27.3,14.0
289.0,J2_J3_1,41.81,14.0
289.0,J3_J2_0,5.5,13.0
289.0,J3_J2_1,12.5,13.0
289.0,J3_J4_0,5.8,15.0
289.0,J3_J4_1,5.5,10.0
289.0,J4_J3_0,20.0,16.0
289.0,J4_J3_1,12.81,14.0
289.0,W0_J1_0,5.8,16.0
289.0,W0_J1_1,12.51,13.0
290.0,E5_J4_0,13.0,18.0
290.0,E5_J4_1,12.5,15.0
290.0,J1_J2_0,20.0,16.0
290.0,J1_J2_1,27.0,17.0
290.0,J2_J1_0,13.0,7.0
290.0,J2_J3_0,27.3,15.0
290.0,J2_J3_1,27.0,15.0
290.0,J3_J2_0,5.5,14.0
290.0,J3_J2_1,12.5,14.0
290.0,J3_J4_0,5.8,16.0
290.0,J3_J4_1,5.5,11.0
290.0,J4_J3_0,20.0,17.0
290.0,J4_J3_1,12.8,15.0
290.0,W0_J1_0,5.8,17.0
290.0,W0_J1_1,12.5,14.0
291.0,E5_J4_0,13.0,19.0
291.0,E5_J4_1,12.5,16.0
291.0,J1_J2_0,20.0,17.0
291.0,J1_J2_1,27.0,18.0
291.0,J2_J1_0,13.0,8.0
291.0,J2_J3_0,27.3,16.0
291.0,J2_J3_1,41.53,16.0
291.0,J3_J2_0,5.5,15.0
291.0,J3_J2_1,12.5,15.0
291.0,J3_J4_0,5.8,17.0
291.0,J3_J4_1,5.5,12.0
291.0,J4_J3_0,20.0,18.0
291.0,J4_J3_1,12.8,16.0
291.0,W0_J1_0,5.8,18.0
291.0,W0_J1_1,12.5,15.0
292.0,E5_J4_0,13.0,20.0
292.0,E5_J4_1,12.5,17.0
292.0,J1_J2_0,20.0,18.0
292.0,J1_J2_1,27.0,19.0
292.0,J2_J1_0,13.0,9.0
292.0,J2_J3_0,27.3,17.0
292.0,J2_J3_1,41.51,17.0
292.0,J3_J2_0,5.5,16.0
292.0,J3_J2_1,12.5,16.0
292.0,J3_J4_0,5.8,18.0
292.0,J3_J4_1,5.5,13.0
292.0,J4_J3_0,20.0,19.0
292.0,J4_J3_1,12.8,17.0
292.0,W0_J1_0,5.8,19.0
292.0,W0_J1_1,12.5,16.0
293.0,E5_J4_0,13.0,21.0
293.0,E5_J4_1,12.5,18.0
293.0,J1_J2_0,20.0,19.0
293.0,J1_J2_1,27.0,20.0
293.0,J2_J1_0,13.0,10.0
293.0,J2_J3_0,27.3,18.0
293.0,J2_J3_1,41.5,18.0
293.0,J3_J2_0,5.5,17.0
293.0,J3_J2_1,12.5,17.0
293.0,J3_J4_0,5.8,19.0
293.0,J3_J4_1,5.5,14.0
293.0,J4_J3_0,20.0,20.0
293.0,J4_J3_1,12.8,18.0
293.0,W0_J1_0,5.8,20.0
293.0,W0_J1_1,12.5,17.0
294.0,E5_J4_0,13.0,22.0
294.0,E5_J4_1,12.5,19.0
294.0,J1_J2_0,20.0,20.0
294.0,J1_J2_1,27.0,21.0
294.0,J2_J1_0,13.0,11.0
294.0,J2_J3_0,27.3,19.0
294.0,J2_J3_1,41.5,19.0
294.0,J3_J2_0,5.5,18.0
294.0,J3_J2_1,12.5,18.0
294.0,J3_J4_0,5.8,20.0
294.0,J3_J4_1,5.5,15.0
294.0,J4_J3_0,20.0,21.0
294.0,J4_J3_1,12.8,19.0
294.0,W0_J1_0,5.8,21.0
294.0,W0_J1_1,12.5,18.0
295.0,E5_J4_0,13.0,23.0
295.0,E5_J4_1,12.5,20.0
295.0,J1_J2_0,20.0,21.0
295.0,J1_J2_1,27.0,22.0
295.0,J2_J1_0,13.0,12.0
295.0,J2_J3_0,27.3,20.0
295.0,J2_J3_1,41.5,20.0
295.0,J3_J2_0,5.5,19.0
295.0,J3_J2_1,12.5,19.0
295.0,J3_J4_0,5.8,21.0
295.0,J3_J4_1,5.5,16.0
295.0,J4_J3_0,20.0,22.0
295.0,J4_J3_1,12.8,20.0
295.0,W0_J1_0,5.8,22.0
295.0,W0_J1_1,12.5,19.0
296.0,E5_J4_0,13.0,24.0
296.0,E5_J4_1,12.5,21.0
296.0,J1_J2_0,20.0,22.0
296.0,J1_J2_1,27.0,23.0
296.0,J2_J1_0,13.0,13.0
296.0,J2_J3_0,27.3,21.0
296.0,J2_J3_1,41.5,21.0
296.0,J3_J2_0,5.5,20.0
296.0,J3_J2_1,12.5,20.0
296.0,J3_J4_0,5.8,22.0
296.0,J3_J4_1,5.5,17.0
296.0,J4_J3_0,20.0,23.0
296.0,J4_J3_1,12.8,21.0
296.0,W0_J1_0,5.8,23.0
296.0,W0_J1_1,12.5,20.0
297.0,E5_J4_0,13.0,25.0
297.0,E5_J4_1,12.5,22.0
297.0,J1_J2_0,20.0,23.0
297.0,J1_J2_1,27.0,24.0
297.0,J2_J1_0,13.0,14.0
297.0,J2_J3_0,27.3,22.0
297.0,J2_J3_1,41.5,22.0
297.0,J3_J2_0,5.5,21.0
297.0,J3_J2_1,12.5,21.0
297.0,J3_J4_0,5.8,23.0
297.0,J3_J4_1,5.5,18.0
297.0,J4_J3_0,20.0,24.0
297.0,J4_J3_1,12.8,22.0
297.0,W0_J1_0,5.8,24.0
297.0,W0_J1_1,27.0,21.0
298.0,E5_J4_0,13.0,26.0
298.0,E5_J4_1,12.5,23.0
298.0,J1_J2_0,20.0,24.0
298.0,J1_J2_1,27.0,25.0
298.0,J2_J1_0,13.0,15.0
298.0,J2_J3_0,27.3,23.0
298.0,J2_J3_1,41.5,23.0
298.0,J3_J2_0,5.5,22.0
298.0,J3_J2_1,12.5,22.0
298.0,J3_J4_0,5.8,24.0
298.0,J3_J4_1,5.5,19.0
298.0,J4_J3_0,20.0,25.0
298.0,J4_J3_1,12.8,23.0
298.0,W0_J1_0,5.8,25.0
298.0,W0_J1_1,27.0,22.0
299.0,E5_J4_0,13.0,27.0
299.0,E5_J4_1,12.5,24.0
299.0,J1_J2_0,20.0,25.0
299.0,J1_J2_1,27.0,26.0
299.0,J2_J1_0,13.0,16.0
299.0,J2_J3_0,27.3,24.0
299.0,J2_J3_1,41.5,24.0
299.0,J3_J2_0,5.5,23.0
299.0,J3_J2_1,12.5,23.0
299.0,J3_J4_0,5.8,25.0
299.0,J3_J4_1,5.5,20.0
299.0,J4_J3_0,20.0,26.0
299.0,J4_J3_1,12.8,24.0
299.0,W0_J1_0,12.83,26.0
299.0,W0_J1_1,27.0,23.0
300.0,E5_J4_1,12.5,15.0
300.0,J1_J2_0,20.0,18.0
300.0,J1_J2_1,27.0,24.0
300.0,J2_J3_0,27.3,18.0
300.0,J2_J3_1,41.5,22.0
300.0,J3_J2_1,12.5,22.0
300.0,J4_J3_0,20.0,24.0
300.0,J4_J3_1,12.8,12.0
300.0,W0_J1_0,12.81,2.0
300.0,W0_J1_1,27.0,13.0
301.0,J1_J2_1,27.0,18.0
301.0,J2_J3_0,27.3,16.0
301.0,J2_J3_1,41.5,13.0
301.0,N3_J3_0,5.5,1.0
301.0,S2_J2_0,5.51,1.0
301.0,W0_J1_1,27.0,5.0
302.0,J2_J3_1,41.5,12.0
302.0,N3_J3_0,5.5,2.0
302.0,S2_J2_0,5.5,2.0
303.0,N3_J3_0,5.5,3.0
303.0,S2_J2_0,5.5,3.0
304.0,N3_J3_0,5.5,4.0
304.0,S2_J2_0,5.5,4.0
305.0,N3_J3_0,5.5,5.0
305.0,S2_J2_0,5.5,5.0
306.0,N3_J3_0,5.5,6.0
306.0,S2_J2_0,5.5,6.0
307.0,N3_J3_0,5.5,7.0
307.0,S2_J2_0,5.5,7.0
308.0,N1_J1_0,13.0,1.0
308.0,N3_J3_0,5.5,8.0
308.0,S2_J2_0,5.5,8.0
309.0,N1_J1_0,13.0,2.0
309.0,N3_J3_0,5.5,9.0
309.0,S2_J2_0,5.5,9.0
310.0,N1_J1_0,13.0,3.0
310.0,N3_J3_0,5.5,10.0
310.0,N4_J4_0,5.5,1.0
310.0,S2_J2_0,5.5,10.0
311.0,N1_J1_0,13.0,4.0
311.0,N3_J3_0,5.5,11.0
311.0,N4_J4_0,12.81,2.0
311.0,S2_J2_0,5.5,11.0
312.0,N1_J1_0,13.0,5.0
312.0,N3_J3_0,5.5,12.0
312.0,N4_J4_0,12.8,3.0
312.0,S2_J2_0,5.5,12.0
313.0,N1_J1_0,13.0,6.0
313.0,N3_J3_0,5.5,13.0
313.0,N4_J4_0,12.8,4.0
313.0,S2_J2_0,5.5,13.0
314.0,N1_J1_0,13.0,7.0
314.0,N3_J3_0,5.5,14.0
314.0,N4_J4_0,12.8,5.0
314.0,S2_J2_0,12.53,14.0
315.0,N1_J1_0,13.0,8.0
315.0,N3_J3_0,5.5,15.0
315.0,N4_J4_0,12.8,6.0
315.0,S2_J2_0,12.51,15.0
315.0,S4_J4_0,13.01,1.0
316.0,N1_J1_0,13.0,9.0
316.0,N3_J3_0,5.5,16.0
316.0,N4_J4_0,12.8,7.0
316.0,S2_J2_0,12.51,16.0
316.0,S3_J3_0,5.51,1.0
316.0,S4_J4_0,13.0,2.0
317.0,N1_J1_0,20.0,10.0
317.0,N3_J3_0,5.5,17.0
317.0,N4_J4_0,12.8,8.0
317.0,S2_J2_0,12.5,17.0
317.0,S3_J3_0,5.5,2.0
317.0,S4_J4_0,13.0,3.0
318.0,N1_J1_0,20.0,11.0
318.0,N3_J3_0,5.5,18.0
318.0,N4_J4_0,12.8,9.0
318.0,S2_J2_0,12.5,18.0
318.0,S3_J3_0,5.5,3.0
318.0,S4_J4_0,13.0,4.0
319.0,N1_J1_0,20.0,12.0
319.0,N3_J3_0,5.5,19.0
319.0,N4_J4_0,12.8,10.0
319.0,S2_J2_0,12.5,19.0
319.0,S3_J3_0,12.8,4.0
319.0,S4_J4_0,13.0,5.0
320.0,N1_J1_0,20.0,13.0
320.0,N3_J3_0,12.87,20.0
320.0,N4_J4_0,12.8,11.0
320.0,S2_J2_0,12.5,20.0
320.0,S3_J3_0,12.8,5.0
320.0,S4_J4_0,13.0,6.0
321.0,N1_J1_0,20.0,14.0
321.0,N3_J3_0,12.81,21.0
321.0,N4_J4_0,12.8,12.0
321.0,S2_J2_0,12.5,21.0
321.0,S3_J3_0,12.8,6.0
321.0,S4_J4_0,13.0,7.0
322.0,N1_J1_0,20.0,15.0
322.0,N3_J3_0,12.8,22.0
322.0,N4_J4_0,12.8,13.0
322.0,S2_J2_0,12.5,22.0
322.0,S3_J3_0,12.8,7.0
322.0,S4_J4_0,13.0,8.0
323.0,N1_J1_0,20.0,16.0
323.0,N3_J3_0,12.8,23.0
323.0,N4_J4_0,12.8,14.0
323.0,S2_J2_0,12.5,23.0
323.0,S3_J3_0,12.8,8.0
323.0,S4_J4_0,13.0,9.0
324.0,N1_J1_0,20.0,17.0
324.0,N3_J3_0,12.8,24.0
324.0,N4_J4_0,12.8,15.0
324.0,S2_J2_0,12.5,24.0
324.0,S3_J3_0,12.8,9.0
324.0,S4_J4_0,13.0,10.0
325.0,N1_J1_0,27.01,18.0
325.0,N3_J3_0,12.8,25.0
325.0,N4_J4_0,12.8,16.0
325.0,S2_J2_0,12.5,25.0
325.0,S3_J3_0,12.8,10.0
325.0,S4_J4_0,13.0,11.0
326.0,N1_J1_0,27.0,19.0
326.0,N3_J3_0,12.8,26.0
326.0,N4_J4_0,12.8,17.0
326.0,S2_J2_0,12.5,26.0
326.0,S3_J3_0,12.8,11.0
326.0,S4_J4_0,13.0,12.0
327.0,N1_J1_0,27.0,20.0
327.0,N3_J3_0,12.8,27.0
327.0,N4_J4_0,12.8,18.0
327.0,S2_J2_0,12.5,27.0
327.0,S3_J3_0,12.8,12.0
327.0,S4_J4_0,13.0,13.0
328.0,N1_J1_0,27.0,21.0
328.0,N2_J2_0,5.5,1.0
328.0,N3_J3_0,12.8,28.0
328.0,N4_J4_0,12.8,19.0
328.0,S2_J2_0,12.5,28.0
328.0,S3_J3_0,12.8,13.0
328.0,S4_J4_0,27.51,14.0
329.0,N1_J1_0,41.51,22.0
329.0,N2_J2_0,5.5,2.0
329.0,N3_J3_0,12.8,29.0
329.0,N4_J4_0,12.8,20.0
329.0,S2_J2_0,12.5,29.0
329.0,S3_J3_0,12.8,14.0
329.0,S4_J4_0,27.5,15.0
330.0,N1_J1_0,41.5,23.0
330.0,N2_J2_0,5.5,3.0
330.0,N3_J3_0,12.8,30.0
330.0,N4_J4_0,12.8,21.0
330.0,S2_J2_0,19.52,30.0
330.0,S3_J3_0,12.8,15.0
330.0,S4_J4_0,27.5,16.0
331.0,N1_J1_0,41.5,24.0
331.0,N2_J2_0,5.5,4.0
331.0,N3_J3_0,12.8,31.0
331.0,N4_J4_0,12.8,22.0
331.0,S2_J2_0,19.51,31.0
331.0,S3_J3_0,12.8,16.0
331.0,S4_J4_0,27.5,17.0
332.0,N1_J1_0,41.5,25.0
332.0,N2_J2_0,5.5,5.0
332.0,N3_J3_0,12.8,32.0
332.0,N4_J4_0,12.8,23.0
332.0,S2_J2_0,19.51,32.0
332.0,S3_J3_0,12.8,17.0
332.0,S4_J4_0,27.5,18.0
333.0,N1_J1_0,41.5,26.0
333.0,N2_J2_0,5.5,6.0
333.0,N3_J3_0,12.8,33.0
333.0,N4_J4_0,12.8,24.0
333.0,S2_J2_0,19.5,33.0
333.0,S3_J3_0,12.8,18.0
333.0,S4_J4_0,27.5,19.0
334.0,N1_J1_0,41.5,27.0
334.0,N2_J2_0,5.5,7.0
334.0,N3_J3_0,12.8,34.0
334.0,N4_J4_0,12.8,25.0
334.0,S2_J2_0,19.5,34.0
334.0,S3_J3_0,12.8,19.0
334.0,S4_J4_0,27.5,20.0
335.0,N1_J1_0,41.5,19.0
335.0,N2_J2_0,12.52,1.0
335.0,N3_J3_0,27.31,16.0
335.0,N4_J4_0,12.8,25.0
335.0,S2_J2_0,19.5,22.0
335.0,S3_J3_0,12.8,17.0
335.0,S4_J4_0,27.5,8.0
335.0,W0_J1_0,5.5,1.0
336.0,E5_J4_0,5.57,1.0
336.0,J2_J1_0,5.52,1.0
336.0,J2_J1_1,5.51,1.0
336.0,J2_J3_1,5.5,1.0
336.0,J3_J4_0,5.51,1.0
336.0,J3_J4_1,5.52,1.0
336.0,N1_J1_0,41.5,12.0
336.0,N3_J3_0,27.3,2.0
336.0,S2_J2_0,19.5,7.0
336.0,W0_J1_0,5.5,2.0
337.0,E5_J4_0,5.53,2.0
337.0,J2_J1_0,5.5,2.0
337.0,J2_J1_1,5.5,2.0
337.0,J2_J3_1,5.5,2.0
337.0,J3_J2_0,5.52,1.0
337.0,J3_J4_0,5.5,2.0
337.0,J3_J4_1,5.51,2.0
337.0,N1_J1_0,41.5,9.0
337.0,N3_J3_0,34.37,1.0
337.0,W0_J1_0,5.5,3.0
337.0,W0_J1_1,5.56,1.0
338.0,E5_J4_0,5.51,3.0
338.0,J2_J1_0,5.5,3.0
338.0,J2_J1_1,5.5,3.0
338.0,J2_J3_0,5.81,1.0
338.0,J2_J3_1,5.5,3.0
338.0,J3_J2_0,5.51,2.0
338.0,J3_J2_1,5.51,1.0
338.0,J3_J4_0,12.56,3.0
338.0,J3_J4_1,5.5,3.0
338.0,W0_J1_0,5.5,4.0
338.0,W0_J1_1,5.5,2.0
339.0,E5_J4_0,5.5,4.0
339.0,J2_J1_0,5.5,4.0
339.0,J2_J1_1,5.5,4.0
339.0,J2_J3_0,5.8,2.0
339.0,J2_J3_1,12.51,4.0
339.0,J3_J2_0,12.58,3.0
339.0,J3_J2_1,5.5,2.0
339.0,J3_J4_0,12.51,4.0
339.0,J3_J4_1,5.5,4.0
339.0,W0_J1_0,5.5,5.0
339.0,W0_J1_1,5.5,3.0
340.0,E5_J4_0,5.5,5.0
340.0,J1_J2_0,5.52,1.0
340.0,J2_J1_0,5.5,5.0
340.0,J2_J1_1,5.5,5.0
340.0,J2_J3_0,12.81,3.0
340.0,J2_J3_1,19.54,5.0
340.0,J3_J2_0,12.53,4.0
340.0,J3_J2_1,5.5,3.0
340.0,J3_J4_0,12.5,5.0
340.0,J3_J4_1,5.5,5.0
340.0,W0_J1_0,5.5,6.0
340.0,W0_J1_1,5.5,4.0
341.0,E5_J4_0,5.5,6.0
341.0,J1_J2_0,5.5,2.0
341.0,J2_J1_0,12.82,6.0
341.0,J2_J1_1,5.5,6.0
341.0,J2_J3_0,12.8,4.0
341.0,J2_J3_1,19.51,6.0
341.0,J3_J2_0,12.51,5.0
341.0,J3_J2_1,5.5,4.0
341.0,J3_J4_0,12.5,6.0
341.0,J3_J4_1,5.5,6.0
341.0,W0_J1_0,12.51,7.0
341.0,W0_J1_1,5.5,5.0
342.0,E5_J4_0,5.5,7.0
342.0,J1_J2_0,5.5,3.0
342.0,J2_J1_0,12.81,7.0
342.0,J2_J1_1,5.5,7.0
342.0,J2_J3_0,12.8,5.0
342.0,J2_J3_1,19.51,7.0
342.0,J3_J2_0,12.5,6.0
342.0,J3_J2_1,12.52,5.0
342.0,J3_J4_0,12.5,7.0
342.0,J3_J4_1,5.5,7.0
342.0,W0_J1_0,12.5,8.0
342.0,W0_J1_1,5.5,6.0
343.0,E5_J4_0,5.5,8.0
343.0,J1_J2_0,5.5,4.0
343.0,J2_J1_0,12.8,8.0
343.0,J2_J1_1,5.5,8.0
343.0,J2_J3_0,12.8,6.0
343.0,J2_J3_1,19.5,8.0
343.0,J3_J2_0,12.5,7.0
343.0,J3_J2_1,12.51,6.0
343.0,J3_J4_0,12.5,8.0
343.0,J3_J4_1,5.5,8.0
343.0,W0_J1_0,12.5,9.0
343.0,W0_J1_1,5.5,7.0
344.0,E5_J4_0,5.5,9.0
344.0,E5_J4_1,5.5,1.0
344.0,J1_J2_0,5.5,5.0
344.0,J1_J2_1,5.51,1.0
344.0,J2_J1_0,12.8,9.0
344.0,J2_J1_1,5.5,9.0
344.0,J2_J3_0,12.8,7.0
344.0,J2_J3_1,19.5,9.0
344.0,J3_J2_0,27.0,8.0
344.0,J3_J2_1,12.5,7.0
344.0,J3_J4_0,12.5,9.0
344.0,J3_J4_1,5.5,9.0
344.0,W0_J1_0,12.5,10.0
344.0,W0_J1_1,5.5,8.0
345.0,E5_J4_0,5.5,10.0
345.0,E5_J4_1,5.5,2.0
345.0,J1_J2_0,5.5,6.0
345.0,J1_J2_1,5.5,2.0
345.0,J2_J1_0,12.8,10.0
345.0,J2_J1_1,5.5,10.0
345.0,J2_J3_0,12.8,8.0
345.0,J2_J3_1,19.5,10.0
345.0,J3_J2_0,27.0,9.0
345.0,J3_J2_1,12.5,8.0
345.0,J3_J4_0,27.04,10.0
345.0,J3_J4_1,5.5,10.0
345.0,W0_J1_0,12.5,11.0
345.0,W0_J1_1,5.5,9.0
346.0,E5_J4_0,5.5,11.0
346.0,E5_J4_1,5.5,3.0
346.0,J1_J2_0,5.5,7.0
346.0,J1_J2_1,5.5,3.0
346.0,J2_J1_0,12.8,11.0
346.0,J2_J1_1,5.5,11.0
346.0,J2_J3_0,27.33,9.0
346.0,J2_J3_1,34.02,11.0
346.0,J3_J2_0,27.0,10.0
346.0,J3_J2_1,12.5,9.0
346.0,J3_J4_0,27.02,11.0
346.0,J3_J4_1,5.5,11.0
346.0,W0_J1_0,12.5,12.0
346.0,W0_J1_1,5.5,10.0
347.0,E5_J4_0,5.5,12.0
347.0,E5_J4_1,5.5,4.0
347.0,J1_J2_0,5.5,8.0
347.0,J1_J2_1,5.5,4.0
347.0,J2_J1_0,12.8,12.0
347.0,J2_J1_1,20.02,12.0
347.0,J2_J3_0,27.3,10.0
347.0,J2_J3_1,34.01,12.0
347.0,J3_J2_0,27.0,11.0
347.0,J3_J2_1,12.5,10.0
347.0,J3_J4_0,27.01,12.0
347.0,J3_J4_1,20.02,12.0
347.0,W0_J1_0,12.5,13.0
347.0,W0_J1_1,5.5,11.0
348.0,E5_J4_0,5.5,13.0
348.0,E5_J4_1,5.5,5.0
348.0,J1_J2_0,20.0,9.0
348.0,J1_J2_1,5.5,5.0
348.0,J2_J1_0,12.8,13.0
348.0,J2_J1_1,20.01,13.0
348.0,J2_J3_0,27.3,11.0
348.0,J2_J3_1,34.0,13.0
348.0,J3_J2_0,27.0,12.0
348.0,J3_J2_1,12.5,11.0
348.0,J3_J4_0,27.01,13.0
348.0,J3_J4_1,20.01,13.0
348.0,W0_J1_0,12.5,14.0
348.0,W0_J1_1,5.5,12.0
349.0,E5_J4_0,5.5,14.0
349.0,E5_J4_1,5.5,6.0
349.0,J1_J2_0,20.0,10.0
349.0,J1_J2_1,5.5,6.0
349.0,J2_J1_0,12.8,14.0
349.0,J2_J1_1,20.0,14.0
349.0,J2_J3_0,34.31,12.0
349.0,J2_J3_1,34.0,14.0
349.0,J3_J2_0,27.0,13.0
349.0,J3_J2_1,12.5,12.0
349.0,J3_J4_0,27.0,14.0
349.0,J3_J4_1,20.0,14.0
349.0,W0_J1_0,12.5,15.0
349.0,W0_J1_1,5.5,13.0
350.0,E5_J4_0,5.5,15.0
350.0,E5_J4_1,5.5,7.0
350.0,J1_J2_0,20.0,11.0
350.0,J1_J2_1,5.5,7.0
350.0,J2_J1_0,12.8,15.0
350.0,J2_J1_1,20.0,15.0
350.0,J2_J3_0,34.31,13.0
350.0,J2_J3_1,34.0,15.0
350.0,J3_J2_0,27.0,14.0
350.0,J3_J2_1,12.5,13.0
350.0,J3_J4_0,27.0,15.0
350.0,J3_J4_1,20.0,15.0
350.0,W0_J1_0,12.5,16.0
350.0,W0_J1_1,5.5,14.0
351.0,E5_J4_0,5.5,16.0
351.0,E5_J4_1,5.5,8.0
351.0,J1_J2_0,20.0,12.0
351.0,J1_J2_1,5.5,8.0
351.0,J2_J1_0,12.8,16.0
351.0,J2_J1_1,20.0,16.0
351.0,J2_J3_0,34.3,14.0
351.0,J2_J3_1,34.0,16.0
351.0,J3_J2_0,27.0,15.0
351.0,J3_J2_1,12.5,14.0
351.0,J3_J4_0,27.0,16.0
351.0,J3_J4_1,20.0,16.0
351.0,W0_J1_0,12.5,17.0
351.0,W0_J1_1,5.5,15.0
352.0,E5_J4_0,5.5,17.0
352.0,E5_J4_1,5.5,9.0
352.0,J1_J2_0,20.0,13.0
352.0,J1_J2_1,5.5,9.0
352.0,J2_J1_0,12.8,17.0
352.0,J2_J1_1,20.0,17.0
352.0,J2_J3_0,34.3,15.0
352.0,J2_J3_1,34.0,17.0
352.0,J3_J2_0,27.0,16.0
352.0,J3_J2_1,12.5,15.0
352.0,J3_J4_0,27.0,17.0
352.0,J3_J4_1,20.0,17.0
352.0,W0_J1_0,12.5,18.0
352.0,W0_J1_1,5.5,16.0
353.0,E5_J4_0,5.5,18.0
353.0,E5_J4_1,5.5,10.0
353.0,J1_J2_0,20.0,14.0
353.0,J1_J2_1,5.5,10.0
353.0,J2_J1_0,12.8,18.0
353.0,J2_J1_1,20.0,18.0
353.0,J2_J3_0,34.3,16.0
353.0,J2_J3_1,34.0,18.0
353.0,J3_J2_0,27.0,17.0
353.0,J3_J2_1,12.5,16.0
353.0,J3_J4_0,27.0,18.0
353.0,J3_J4_1,20.0,18.0
353.0,W0_J1_0,12.5,19.0
353.0,W0_J1_1,5.5,17.0
354.0,E5_J4_0,5.5,19.0
354.0,E5_J4_1,5.5,11.0
354.0,J1_J2_0,20.0,15.0
354.0,J1_J2_1,5.5,11.0
354.0,J2_J1_0,12.8,19.0
354.0,J2_J1_1,20.0,19.0
354.0,J2_J3_0,34.3,17.0
354.0,J2_J3_1,34.0,19.0
354.0,J3_J2_0,27.0,18.0
354.0,J3_J2_1,12.5,17.0
354.0,J3_J4_0,27.0,19.0
354.0,J3_J4_1,20.0,19.0
354.0,W0_J1_0,12.5,20.0
354.0,W0_J1_1,5.5,18.0
355.0,E5_J4_0,5.5,20.0
355.0,E5_J4_1,5.5,12.0
355.0,J1_J2_0,20.0,16.0
355.0,J1_J2_1,5.5,12.0
355.0,J2_J1_0,12.8,20.0
355.0,J2_J1_1,20.0,20.0
355.0,J2_J3_0,34.3,18.0
355.0,J2_J3_1,34.0,20.0
355.0,J3_J2_0,27.0,19.0
355.0,J3_J2_1,12.5,18.0
355.0,J3_J4_0,27.0,20.0
355.0,J3_J4_1,20.0,20.0
355.0,W0_J1_0,12.5,21.0
355.0,W0_J1_1,12.5,19.0
356.0,E5_J4_0,5.5,21.0
356.0,E5_J4_1,5.5,13.0
356.0,J1_J2_0,20.0,17.0
356.0,J1_J2_1,5.5,13.0
356.0,J2_J1_0,12.8,21.0
356.0,J2_J1_1,20.0,21.0
356.0,J2_J3_0,34.3,19.0
356.0,J2_J3_1,34.0,21.0
356.0,J3_J2_0,27.0,20.0
356.0,J3_J2_1,12.5,19.0
356.0,J3_J4_0,27.0,21.0
356.0,J3_J4_1,20.0,21.0
356.0,W0_J1_0,19.53,22.0
356.0,W0_J1_1,12.5,20.0
357.0,E5_J4_0,12.52,22.0
357.0,E5_J4_1,5.5,14.0
357.0,J1_J2_0,20.0,18.0
357.0,J1_J2_1,5.5,14.0
357.0,J2_J1_0,12.8,22.0
357.0,J2_J1_1,20.0,22.0
357.0,J2_J3_0,34.3,20.0
357.0,J2_J3_1,34.0,22.0
357.0,J3_J2_0,27.0,21.0
357.0,J3_J2_1,12.5,20.0
357.0,J3_J4_0,27.0,22.0
357.0,J3_J4_1,20.0,22.0
357.0,W0_J1_0,19.5,23.0
357.0,W0_J1_1,12.5,21.0
358.0,E5_J4_0,12.5,23.0
358.0,E5_J4_1,5.5,15.0
358.0,J1_J2_0,20.0,19.0
358.0,J1_J2_1,5.5,15.0
358.0,J2_J1_0,12.8,23.0
358.0,J2_J1_1,20.0,23.0
358.0,J2_J3_0,34.3,21.0
358.0,J2_J3_1,34.0,23.0
358.0,J3_J2_0,27.0,22.0
358.0,J3_J2_1,12.5,21.0
358.0,J3_J4_0,27.0,23.0
358.0,J3_J4_1,20.0,23.0
358.0,W0_J1_0,19.5,24.0
358.0,W0_J1_1,12.5,22.0
359.0,E5_J4_0,12.5,24.0
359.0,E5_J4_1,5.5,16.0
359.0,J1_J2_0,20.0,20.0
359.0,J1_J2_1,5.5,16.0
359.0,J2_J1_0,12.8,24.0
359.0,J2_J1_1,20.0,24.0
359.0,J2_J3_0,34.3,22.0
359.0,J2_J3_1,34.0,24.0
359.0,J3_J2_0,27.0,23.0
359.0,J3_J2_1,12.5,22.0
359.0,J3_J4_0,27.0,24.0
359.0,J3_J4_1,20.0,24.0
359.0,W0_J1_0,19.5,25.0
359.0,W0_J1_1,12.5,23.0
