id,vtype,depart,arrival,duration,waiting_time,route_length
veh_cr_12,taxi,9.0,38.0,29.0,0.0,295.1
veh_cr_4,taxi,2.0,39.0,37.0,6.0,295.1
veh_cr_15,bus,12.0,39.0,27.0,0.0,287.9
veh_cr_2,car,1.0,41.0,40.0,6.0,295.4
veh_cr_6,car,4.0,45.0,41.0,1.0,295.4
veh_cr_19,bus,18.0,45.0,27.0,0.0,287.9
veh_cr_11,car,9.0,46.0,37.0,6.0,295.4
veh_cr_13,car,12.0,51.0,39.0,6.0,295.4
veh_cr_14,bus,12.0,54.0,42.0,6.0,287.9
veh_cr_25,taxi,25.0,55.0,30.0,0.0,295.1
veh_cr_22,car,21.0,56.0,35.0,1.0,295.4
veh_cr_28,taxi,27.0,59.0,32.0,0.0,295.1
veh_cr_29,car,27.0,72.0,45.0,9.0,295.4
veh_cr_20,car,19.0,74.0,55.0,18.0,295.4
veh_cr_33,bus,34.0,74.0,40.0,6.0,287.9
veh_cr_43,car,46.0,74.0,28.0,0.0,295.4
veh_cr_38,car,40.0,75.0,35.0,1.0,295.4
veh_cr_45,car,47.0,77.0,30.0,0.0,295.4
veh_cr_48,car,50.0,77.0,27.0,0.0,295.4
veh_cr_30,taxi,30.0,78.0,48.0,17.0,295.1
veh_cr_52,bus,54.0,81.0,27.0,0.0,287.9
veh_cr_54,bus,55.0,82.0,27.0,0.0,287.9
veh_cr_46,car,48.0,83.0,35.0,1.0,295.4
veh_cr_31,car,32.0,84.0,52.0,18.0,295.4
veh_cr_40,car,45.0,86.0,41.0,8.0,295.4
veh_cr_57,bus,60.0,87.0,27.0,0.0,287.9
veh_cr_42,car,46.0,89.0,43.0,5.0,295.4
veh_cr_47,car,49.0,90.0,41.0,5.0,295.4
veh_cr_56,car,59.0,94.0,35.0,0.0,295.4
veh_wb_1,car,1.0,100.0,99.0,13.0,995.4
veh_eb_3,car,2.0,104.0,102.0,15.0,995.4
veh_eb_5,car,4.0,104.0,100.0,14.0,995.4
veh_cr_61,car,66.0,105.0,39.0,6.0,295.4
veh_cr_62,taxi,67.0,105.0,38.0,5.0,295.1
veh_eb_7,car,5.0,106.0,101.0,14.0,995.4
veh_eb_8,car,7.0,110.0,103.0,6.0,995.4
veh_eb_9,car,8.0,110.0,102.0,8.0,995.4
veh_cr_60,car,63.0,111.0,48.0,16.0,295.4
veh_cr_68,car,76.0,114.0,38.0,6.0,295.4
veh_cr_70,taxi,80.0,114.0,34.0,0.0,295.1
veh_cr_69,car,79.0,115.0,36.0,6.0,295.4
veh_cr_74,car,84.0,117.0,33.0,0.0,295.4
veh_cr_78,taxi,90.0,118.0,28.0,0.0,295.1
veh_cr_85,bus,95.0,122.0,27.0,0.0,287.9
veh_cr_86,car,95.0,124.0,29.0,0.0,295.4
veh_cr_88,taxi,96.0,126.0,30.0,0.0,295.1
veh_wb_16,taxi,13.0,134.0,121.0,29.0,995.1
veh_eb_10,car,9.0,135.0,126.0,17.0,995.4
veh_cr_90,car,97.0,137.0,40.0,8.0,295.4
veh_eb_17,car,15.0,138.0,123.0,29.0,995.4
veh_eb_18,car,18.0,139.0,121.0,25.0,995.4
veh_eb_21,taxi,20.0,140.0,120.0,23.0,995.1
veh_cr_97,bus,105.0,140.0,35.0,1.0,287.9
veh_eb_23,car,24.0,142.0,118.0,21.0,995.4
veh_cr_101,car,107.0,143.0,36.0,3.0,295.4
veh_cr_102,car,107.0,143.0,36.0,0.0,295.4
veh_cr_82,car,92.0,144.0,52.0,17.0,295.4
veh_cr_111,taxi,114.0,146.0,32.0,0.0,295.1
veh_cr_114,car,117.0,147.0,30.0,0.0,295.4
veh_cr_92,car,98.0,149.0,51.0,19.0,295.4
veh_eb_24,taxi,25.0,150.0,125.0,17.0,995.1
veh_cr_106,car,109.0,151.0,42.0,6.0,295.4
veh_wb_37,taxi,40.0,166.0,126.0,33.0,995.1
veh_eb_32,car,34.0,167.0,133.0,29.0,995.4
veh_wb_27,car,27.0,168.0,141.0,39.0,995.4
veh_wb_34,car,37.0,169.0,132.0,41.0,995.4
veh_cr_117,car,121.0,171.0,50.0,13.0,295.4
veh_cr_136,car,145.0,171.0,26.0,0.0,295.4
veh_eb_26,car,26.0,172.0,146.0,30.0,995.4
veh_cr_123,car,129.0,173.0,44.0,8.0,295.4
veh_eb_41,car,46.0,174.0,128.0,30.0,995.4
veh_eb_36,car,40.0,175.0,135.0,32.0,995.4
veh_cr_119,car,126.0,175.0,49.0,16.0,295.4
veh_cr_124,taxi,131.0,175.0,44.0,7.0,295.1
veh_cr_127,car,133.0,175.0,42.0,9.0,295.4
veh_cr_130,car,138.0,177.0,39.0,2.0,295.4
veh_eb_50,car,52.0,178.0,126.0,23.0,995.4
veh_cr_128,bus,133.0,179.0,46.0,12.0,287.9
veh_cr_140,car,149.0,179.0,30.0,0.0,295.4
veh_eb_55,car,59.0,180.0,121.0,11.0,995.4
veh_eb_35,car,39.0,182.0,143.0,15.0,995.4
veh_cr_135,car,143.0,182.0,39.0,5.0,295.4
veh_cr_143,bus,152.0,182.0,30.0,0.0,287.9
veh_cr_125,car,132.0,183.0,51.0,15.0,295.4
veh_eb_53,taxi,55.0,184.0,129.0,21.0,995.1
veh_eb_59,car,63.0,186.0,123.0,15.0,995.4
veh_cr_150,car,158.0,188.0,30.0,0.0,295.4
veh_eb_64,car,71.0,189.0,118.0,6.0,995.4
veh_cr_147,car,155.0,193.0,38.0,6.0,295.4
veh_wb_39,car,44.0,198.0,154.0,55.0,995.4
veh_wb_44,car,47.0,199.0,152.0,51.0,995.4
veh_wb_49,car,51.0,200.0,149.0,44.0,995.4
veh_wb_58,car,61.0,201.0,140.0,41.0,995.4
veh_cr_152,car,159.0,201.0,42.0,9.0,295.4
veh_wb_67,taxi,76.0,202.0,126.0,28.0,995.1
veh_cr_157,car,165.0,202.0,37.0,3.0,295.4
veh_cr_160,car,168.0,203.0,35.0,4.0,295.4
veh_wb_76,car,89.0,204.0,115.0,22.0,995.4
veh_cr_173,car,177.0,206.0,29.0,0.0,295.4
veh_wb_65,bus,72.0,207.0,135.0,24.0,987.9
veh_wb_81,car,92.0,208.0,116.0,21.0,995.4
veh_cr_176,car,181.0,208.0,27.0,0.0,295.4
veh_wb_72,taxi,82.0,210.0,128.0,30.0,995.1
veh_wb_83,taxi,94.0,210.0,116.0,18.0,995.1
veh_cr_151,bus,159.0,210.0,51.0,16.0,287.9
veh_wb_89,taxi,97.0,211.0,114.0,14.0,995.1
veh_cr_153,car,160.0,212.0,52.0,15.0,295.4
veh_wb_93,taxi,99.0,213.0,114.0,13.0,995.1
veh_cr_175,car,182.0,213.0,31.0,0.0,295.4
veh_cr_170,car,176.0,214.0,38.0,2.0,295.4
veh_cr_181,bus,184.0,215.0,31.0,0.0,287.9
veh_cr_165,car,172.0,218.0,46.0,16.0,295.4
veh_cr_171,car,177.0,220.0,43.0,7.0,295.4
veh_cr_179,car,182.0,222.0,40.0,5.0,295.4
veh_cr_172,bus,177.0,224.0,47.0,12.0,287.9
veh_cr_174,car,179.0,224.0,45.0,14.0,295.4
veh_cr_177,taxi,181.0,226.0,45.0,13.0,295.1
veh_cr_188,car,194.0,226.0,32.0,0.0,295.4
veh_cr_195,bus,198.0,230.0,32.0,0.0,287.9
veh_cr_187,car,193.0,232.0,39.0,7.0,295.4
veh_cr_196,car,200.0,234.0,34.0,0.0,295.4
veh_cr_201,car,205.0,235.0,30.0,0.0,295.4
veh_wb_116,taxi,121.0,236.0,115.0,26.0,995.1
veh_cr_184,bus,187.0,236.0,49.0,15.0,287.9
veh_wb_91,car,98.0,238.0,140.0,31.0,995.4
veh_cr_186,car,192.0,239.0,47.0,9.0,295.4
veh_wb_126,taxi,133.0,240.0,107.0,17.0,995.1
veh_cr_189,car,194.0,241.0,47.0,12.0,295.4
veh_cr_190,taxi,194.0,241.0,47.0,8.0,295.1
veh_wb_133,car,142.0,242.0,100.0,15.0,995.4
veh_cr_194,car,198.0,242.0,44.0,10.0,295.4
veh_wb_80,bus,91.0,243.0,152.0,34.0,987.9
veh_cr_207,bus,212.0,243.0,31.0,0.0,287.9
veh_wb_121,car,128.0,244.0,116.0,20.0,995.4
veh_cr_198,car,201.0,244.0,43.0,9.0,295.4
veh_wb_99,taxi,105.0,245.0,140.0,33.0,995.1
veh_wb_138,car,148.0,245.0,97.0,15.0,995.4
veh_cr_209,car,214.0,246.0,32.0,0.0,295.4
veh_wb_104,taxi,108.0,247.0,139.0,37.0,995.1
veh_wb_110,car,114.0,249.0,135.0,33.0,995.4
veh_cr_212,car,217.0,249.0,32.0,0.0,295.4
veh_cr_213,car,218.0,255.0,37.0,6.0,295.4
veh_cr_199,car,203.0,257.0,54.0,20.0,295.4
veh_cr_225,taxi,230.0,258.0,28.0,0.0,295.1
veh_cr_208,car,213.0,259.0,46.0,12.0,295.4
veh_cr_241,car,243.0,269.0,26.0,0.0,295.4
veh_cr_220,taxi,224.0,270.0,46.0,14.0,295.1
veh_cr_223,car,226.0,270.0,44.0,6.0,295.4
veh_wb_168,car,175.0,271.0,96.0,10.0,995.4
veh_wb_159,car,167.0,272.0,105.0,15.0,995.4
veh_cr_228,bus,232.0,272.0,40.0,6.0,287.9
veh_cr_244,taxi,245.0,272.0,27.0,0.0,295.1
veh_cr_230,car,234.0,274.0,40.0,5.0,295.4
veh_cr_232,car,236.0,275.0,39.0,2.0,295.4
veh_cr_243,taxi,246.0,275.0,29.0,0.0,295.1
veh_cr_216,car,221.0,287.0,66.0,33.0,295.4
veh_cr_247,car,249.0,289.0,40.0,7.0,295.4
veh_cr_226,car,230.0,290.0,60.0,22.0,295.4
veh_cr_231,car,234.0,291.0,57.0,20.0,295.4
veh_cr_258,taxi,257.0,293.0,36.0,0.0,295.1
veh_cr_263,car,259.0,295.0,36.0,0.0,295.4
veh_cr_240,car,243.0,297.0,54.0,21.0,295.4
veh_cr_266,car,260.0,297.0,37.0,0.0,295.4
veh_cr_236,bus,239.0,300.0,61.0,26.0,287.9
veh_cr_249,car,251.0,300.0,49.0,16.0,295.4
veh_cr_256,taxi,257.0,300.0,43.0,7.0,295.1
veh_cr_260,car,258.0,301.0,43.0,14.0,295.4
veh_cr_238,car,241.0,304.0,63.0,25.0,295.4
veh_cr_251,bus,252.0,306.0,54.0,18.0,287.9
veh_cr_286,taxi,278.0,307.0,29.0,0.0,295.1
veh_wb_192,car,197.0,314.0,117.0,25.0,995.4
veh_wb_202,car,206.0,314.0,108.0,14.0,995.4
veh_wb_204,car,209.0,317.0,108.0,8.0,995.4
veh_wb_200,car,204.0,320.0,116.0,13.0,995.4
veh_wb_164,car,172.0,321.0,149.0,28.0,995.4
veh_wb_235,car,238.0,321.0,83.0,0.0,995.4
veh_wb_191,car,195.0,323.0,128.0,23.0,995.4
veh_wb_237,car,241.0,323.0,82.0,0.0,995.4
veh_wb_214,car,220.0,325.0,105.0,11.0,995.4
veh_cr_290,bus,285.0,326.0,41.0,6.0,287.9
veh_cr_296,car,292.0,332.0,40.0,6.0,295.4
veh_cr_262,car,259.0,337.0,78.0,38.0,295.4
veh_cr_315,bus,312.0,339.0,27.0,0.0,287.9
veh_cr_265,car,260.0,340.0,80.0,35.0,295.4
veh_cr_272,bus,266.0,344.0,78.0,32.0,287.9
veh_cr_275,car,270.0,347.0,77.0,30.0,295.4
veh_cr_268,bus,262.0,352.0,90.0,48.0,287.9
veh_cr_281,bus,274.0,352.0,78.0,42.0,287.9
veh_wb_277,car,272.0,353.0,81.0,0.0,995.4
veh_wb_257,car,257.0,354.0,97.0,11.0,995.4
veh_cr_292,car,288.0,354.0,66.0,32.0,295.4
veh_cr_310,car,307.0,354.0,47.0,15.0,295.4
veh_cr_269,bus,266.0,355.0,89.0,47.0,287.9
veh_wb_253,car,253.0,357.0,104.0,13.0,995.4
veh_cr_297,bus,294.0,357.0,63.0,28.0,287.9
veh_cr_298,taxi,297.0,357.0,60.0,23.0,295.1
veh_cr_305,car,303.0,357.0,54.0,16.0,295.4
veh_cr_313,car,310.0,357.0,47.0,13.0,295.4
veh_cr_300,bus,300.0,359.0,59.0,21.0,287.9
veh_cr_317,car,315.0,359.0,44.0,5.0,295.4
