timestamp,scenario,selected_plan,plan_a_score,plan_b_score,plan_c_score,delay_score,queue_score,spillback_score,fairness_score,emergency_score,total_score,reason
0.0,ambulance,PLAN_A,0.0,0.0,0.0,0.0,0.0,0.0,0.0,0.0,0.0,"Selected Current Safe Timing (PLAN_A): Lowest valid score (0.0). Spillback penalty: 0.0, Delay: 0.0, Queue: 0.0, Fairness: 0.0."
1.0,ambulance,PLAN_A,0.0,0.0,0.0,0.0,0.0,0.0,0.0,0.0,0.0,"Selected Current Safe Timing (PLAN_A): Lowest valid score (0.0). Spillback penalty: 0.0, Delay: 0.0, Queue: 0.0, Fairness: 0.0."
2.0,ambulance,PLAN_A,0.0,0.0,0.0,0.0,0.0,0.0,0.0,0.0,0.0,"Selected Current Safe Timing (PLAN_A): Lowest valid score (0.0). Spillback penalty: 0.0, Delay: 0.0, Queue: 0.0, Fairness: 0.0."
3.0,ambulance,PLAN_A,0.0,0.0,0.0,0.0,0.0,0.0,0.0,0.0,0.0,"Selected Current Safe Timing (PLAN_A): Lowest valid score (0.0). Spillback penalty: 0.0, Delay: 0.0, Queue: 0.0, Fairness: 0.0."
4.0,ambulance,PLAN_A,0.0,0.0,0.0,0.0,0.0,0.0,0.0,0.0,0.0,"Selected Current Safe Timing (PLAN_A): Lowest valid score (0.0). Spillback penalty: 0.0, Delay: 0.0, Queue: 0.0, Fairness: 0.0."
5.0,ambulance,PLAN_A,0.0,0.0,0.0,0.0,0.0,0.0,0.0,0.0,0.0,"Selected Current Safe Timing (PLAN_A): Lowest valid score (0.0). Spillback penalty: 0.0, Delay: 0.0, Queue: 0.0, Fairness: 0.0."
6.0,ambulance,PLAN_A,0.0,0.0,0.0,0.0,0.0,0.0,0.0,0.0,0.0,"Selected Current Safe Timing (PLAN_A): Lowest valid score (0.0). Spillback penalty: 0.0, Delay: 0.0, Queue: 0.0, Fairness: 0.0."
7.0,ambulance,PLAN_A,0.0,0.0,0.0,0.0,0.0,0.0,0.0,0.0,0.0,"Selected Current Safe Timing (PLAN_A): Lowest valid score (0.0). Spillback penalty: 0.0, Delay: 0.0, Queue: 0.0, Fairness: 0.0."
8.0,ambulance,PLAN_A,0.0,0.0,0.0,0.0,0.0,0.0,0.0,0.0,0.0,"Selected Current Safe Timing (PLAN_A): Lowest valid score (0.0). Spillback penalty: 0.0, Delay: 0.0, Queue: 0.0, Fairness: 0.0."
9.0,ambulance,PLAN_A,0.0,0.0,0.0,0.0,0.0,0.0,0.0,0.0,0.0,"Selected Current Safe Timing (PLAN_A): Lowest valid score (0.0). Spillback penalty: 0.0, Delay: 0.0, Queue: 0.0, Fairness: 0.0."
10.0,ambulance,PLAN_A,0.0,0.0,0.0,0.0,0.0,0.0,0.0,0.0,0.0,"Selected Current Safe Timing (PLAN_A): Lowest valid score (0.0). Spillback penalty: 0.0, Delay: 0.0, Queue: 0.0, Fairness: 0.0."
11.0,ambulance,PLAN_A,0.0,0.0,0.0,0.0,0.0,0.0,0.0,0.0,0.0,"Selected Current Safe Timing (PLAN_A): Lowest valid score (0.0). Spillback penalty: 0.0, Delay: 0.0, Queue: 0.0, Fairness: 0.0."
12.0,ambulance,PLAN_A,0.0,0.0,0.0,0.0,0.0,0.0,0.0,0.0,0.0,"Selected Current Safe Timing (PLAN_A): Lowest valid score (0.0). Spillback penalty: 0.0, Delay: 0.0, Queue: 0.0, Fairness: 0.0."
13.0,ambulance,PLAN_A,0.0,0.0,0.0,0.0,0.0,0.0,0.0,0.0,0.0,"Selected Current Safe Timing (PLAN_A): Lowest valid score (0.0). Spillback penalty: 0.0, Delay: 0.0, Queue: 0.0, Fairness: 0.0."
14.0,ambulance,PLAN_A,0.0,0.0,0.0,0.0,0.0,0.0,0.0,0.0,0.0,"Selected Current Safe Timing (PLAN_A): Lowest valid score (0.0). Spillback penalty: 0.0, Delay: 0.0, Queue: 0.0, Fairness: 0.0."
15.0,ambulance,PLAN_A,0.0,0.0,0.0,0.0,0.0,0.0,0.0,0.0,0.0,"Selected Current Safe Timing (PLAN_A): Lowest valid score (0.0). Spillback penalty: 0.0, Delay: 0.0, Queue: 0.0, Fairness: 0.0."
16.0,ambulance,PLAN_A,0.0,0.0,0.0,0.0,0.0,0.0,0.0,0.0,0.0,"Selected Current Safe Timing (PLAN_A): Lowest valid score (0.0). Spillback penalty: 0.0, Delay: 0.0, Queue: 0.0, Fairness: 0.0."
17.0,ambulance,PLAN_A,8.4,8.4,8.4,2.0,2.0,0.0,1.6,0.0,8.4,"Selected Current Safe Timing (PLAN_A): Lowest valid score (8.4). Spillback penalty: 0.0, Delay: 2.0, Queue: 2.0, Fairness: 1.6."
18.0,ambulance,PLAN_A,11.1,11.1,11.1,2.0,2.0,0.1,3.2,0.0,11.1,"Selected Current Safe Timing (PLAN_A): Lowest valid score (11.1). Spillback penalty: 0.1, Delay: 2.0, Queue: 2.0, Fairness: 3.2."
19.0,ambulance,PLAN_A,15.9,15.9,15.9,3.0,3.0,0.1,4.4,0.0,15.9,"Selected Current Safe Timing (PLAN_A): Lowest valid score (15.9). Spillback penalty: 0.1, Delay: 3.0, Queue: 3.0, Fairness: 4.4."
20.0,ambulance,PLAN_A,18.3,18.3,18.3,3.0,3.0,0.1,6.0,0.0,18.3,"Selected Current Safe Timing (PLAN_A): Lowest valid score (18.3). Spillback penalty: 0.1, Delay: 3.0, Queue: 3.0, Fairness: 6.0."
21.0,ambulance,PLAN_A,20.7,20.7,20.7,3.0,3.0,0.1,7.6,0.0,20.7,"Selected Current Safe Timing (PLAN_A): Lowest valid score (20.7). Spillback penalty: 0.1, Delay: 3.0, Queue: 3.0, Fairness: 7.6."
22.0,ambulance,PLAN_A,23.43,23.43,23.43,3.0,3.0,0.21,9.2,0.0,23.43,"Selected Current Safe Timing (PLAN_A): Lowest valid score (23.4). Spillback penalty: 0.2, Delay: 3.0, Queue: 3.0, Fairness: 9.2."
23.0,ambulance,PLAN_A,25.83,25.83,25.83,3.0,3.0,0.21,10.8,0.0,25.83,"Selected Current Safe Timing (PLAN_A): Lowest valid score (25.8). Spillback penalty: 0.2, Delay: 3.0, Queue: 3.0, Fairness: 10.8."
24.0,ambulance,PLAN_A,30.3,30.3,30.3,4.0,4.0,0.3,11.6,0.0,30.3,"Selected Current Safe Timing (PLAN_A): Lowest valid score (30.3). Spillback penalty: 0.3, Delay: 4.0, Queue: 4.0, Fairness: 11.6."
25.0,ambulance,PLAN_A,36.9,36.9,36.9,5.0,5.0,0.3,14.0,0.0,36.9,"Selected Current Safe Timing (PLAN_A): Lowest valid score (36.9). Spillback penalty: 0.3, Delay: 5.0, Queue: 5.0, Fairness: 14.0."
26.0,ambulance,PLAN_A,39.33,39.33,39.33,5.0,5.0,0.51,15.2,0.0,39.33,"Selected Current Safe Timing (PLAN_A): Lowest valid score (39.3). Spillback penalty: 0.5, Delay: 5.0, Queue: 5.0, Fairness: 15.2."
27.0,ambulance,PLAN_A,45.93,45.93,45.93,6.0,6.0,0.51,17.6,0.0,45.93,"Selected Current Safe Timing (PLAN_A): Lowest valid score (45.9). Spillback penalty: 0.5, Delay: 6.0, Queue: 6.0, Fairness: 17.6."
28.0,ambulance,PLAN_A,56.73,56.73,56.73,8.0,8.0,0.51,20.8,0.0,56.73,"Selected Current Safe Timing (PLAN_A): Lowest valid score (56.7). Spillback penalty: 0.5, Delay: 8.0, Queue: 8.0, Fairness: 20.8."
29.0,ambulance,PLAN_A,61.53,61.53,61.53,8.0,8.0,0.51,24.0,0.0,61.53,"Selected Current Safe Timing (PLAN_A): Lowest valid score (61.5). Spillback penalty: 0.5, Delay: 8.0, Queue: 8.0, Fairness: 24.0."
30.0,ambulance,PLAN_A,66.33,66.33,66.33,8.0,8.0,0.51,27.2,0.0,66.33,"Selected Current Safe Timing (PLAN_A): Lowest valid score (66.3). Spillback penalty: 0.5, Delay: 8.0, Queue: 8.0, Fairness: 27.2."
31.0,ambulance,PLAN_A,70.83,70.83,70.83,8.0,8.0,0.41,30.4,0.0,70.83,"Selected Current Safe Timing (PLAN_A): Lowest valid score (70.8). Spillback penalty: 0.4, Delay: 8.0, Queue: 8.0, Fairness: 30.4."
32.0,ambulance,PLAN_A,73.83,73.83,73.83,8.0,8.0,0.61,32.0,0.0,73.83,"Selected Current Safe Timing (PLAN_A): Lowest valid score (73.8). Spillback penalty: 0.6, Delay: 8.0, Queue: 8.0, Fairness: 32.0."
33.0,ambulance,PLAN_A,78.44,78.44,78.44,8.0,8.0,0.61,35.07,0.0,78.44,"Selected Current Safe Timing (PLAN_A): Lowest valid score (78.4). Spillback penalty: 0.6, Delay: 8.0, Queue: 8.0, Fairness: 35.1."
34.0,ambulance,PLAN_A,86.23,86.23,86.23,9.0,9.0,0.61,38.27,0.0,86.23,"Selected Current Safe Timing (PLAN_A): Lowest valid score (86.2). Spillback penalty: 0.6, Delay: 9.0, Queue: 9.0, Fairness: 38.3."
35.0,ambulance,PLAN_A,91.33,91.33,91.33,9.0,9.0,0.71,41.47,0.0,91.33,"Selected Current Safe Timing (PLAN_A): Lowest valid score (91.3). Spillback penalty: 0.7, Delay: 9.0, Queue: 9.0, Fairness: 41.5."
36.0,ambulance,PLAN_A,93.48,93.48,93.48,10.0,10.0,0.61,41.1,0.0,93.48,"Selected Current Safe Timing (PLAN_A): Lowest valid score (93.5). Spillback penalty: 0.6, Delay: 10.0, Queue: 10.0, Fairness: 41.1."
37.0,ambulance,PLAN_A,101.61,101.61,101.61,11.0,11.0,0.72,44.3,0.0,101.61,"Selected Current Safe Timing (PLAN_A): Lowest valid score (101.6). Spillback penalty: 0.7, Delay: 11.0, Queue: 11.0, Fairness: 44.3."
38.0,ambulance,PLAN_A,106.41,106.41,106.41,11.0,11.0,0.72,47.5,0.0,106.41,"Selected Current Safe Timing (PLAN_A): Lowest valid score (106.4). Spillback penalty: 0.7, Delay: 11.0, Queue: 11.0, Fairness: 47.5."
39.0,ambulance,PLAN_A,111.48,111.48,111.48,11.0,11.0,0.81,50.7,0.0,111.48,"Selected Current Safe Timing (PLAN_A): Lowest valid score (111.5). Spillback penalty: 0.8, Delay: 11.0, Queue: 11.0, Fairness: 50.7."
40.0,ambulance,PLAN_A,111.64,111.64,111.64,11.0,11.0,0.0,52.43,0.0,111.64,"Selected Current Safe Timing (PLAN_A): Lowest valid score (111.6). Spillback penalty: 0.0, Delay: 11.0, Queue: 11.0, Fairness: 52.4."
41.0,ambulance,PLAN_A,117.72,117.72,117.72,12.0,12.0,0.0,54.48,0.0,117.72,"Selected Current Safe Timing (PLAN_A): Lowest valid score (117.7). Spillback penalty: 0.0, Delay: 12.0, Queue: 12.0, Fairness: 54.5."
42.0,ambulance,PLAN_A,122.52,122.52,122.52,13.0,13.0,0.0,55.68,0.0,122.52,"Selected Current Safe Timing (PLAN_A): Lowest valid score (122.5). Spillback penalty: 0.0, Delay: 13.0, Queue: 13.0, Fairness: 55.7."
43.0,ambulance,PLAN_A,127.12,127.12,127.12,13.0,13.0,0.0,58.75,0.0,127.12,"Selected Current Safe Timing (PLAN_A): Lowest valid score (127.1). Spillback penalty: 0.0, Delay: 13.0, Queue: 13.0, Fairness: 58.8."
44.0,ambulance,PLAN_A,143.93,143.93,143.93,17.0,17.0,0.0,61.95,0.0,143.93,"Selected Current Safe Timing (PLAN_A): Lowest valid score (143.9). Spillback penalty: 0.0, Delay: 17.0, Queue: 17.0, Fairness: 62.0."
45.0,ambulance,PLAN_B,73.61,70.61,73.61,6.0,9.0,0.0,31.07,0.0,70.61,"Selected Bounded Green Extension (PLAN_B): Lowest valid score (70.6). Spillback penalty: 0.0, Delay: 6.0, Queue: 9.0, Fairness: 31.1."
46.0,ambulance,PLAN_A,32.4,32.4,32.4,8.0,8.0,0.0,5.6,0.0,32.4,"Selected Current Safe Timing (PLAN_A): Lowest valid score (32.4). Spillback penalty: 0.0, Delay: 8.0, Queue: 8.0, Fairness: 5.6."
47.0,ambulance,PLAN_A,21.0,21.0,21.0,7.0,7.0,0.0,0.0,0.0,21.0,"Selected Current Safe Timing (PLAN_A): Lowest valid score (21.0). Spillback penalty: 0.0, Delay: 7.0, Queue: 7.0, Fairness: 0.0."
48.0,ambulance,PLAN_A,24.0,24.0,24.0,8.0,8.0,0.0,0.0,0.0,24.0,"Selected Current Safe Timing (PLAN_A): Lowest valid score (24.0). Spillback penalty: 0.0, Delay: 8.0, Queue: 8.0, Fairness: 0.0."
49.0,ambulance,PLAN_A,27.0,27.0,27.0,9.0,9.0,0.0,0.0,0.0,27.0,"Selected Current Safe Timing (PLAN_A): Lowest valid score (27.0). Spillback penalty: 0.0, Delay: 9.0, Queue: 9.0, Fairness: 0.0."
50.0,ambulance,PLAN_A,230.0,230.0,230.0,10.0,10.0,0.0,0.0,40.0,230.0,"Selected Current Safe Timing (PLAN_A): Lowest valid score (230.0). Spillback penalty: 0.0, Delay: 10.0, Queue: 10.0, Fairness: 0.0."
51.0,ambulance,PLAN_A,230.0,230.0,230.0,10.0,10.0,0.0,0.0,40.0,230.0,"Selected Current Safe Timing (PLAN_A): Lowest valid score (230.0). Spillback penalty: 0.0, Delay: 10.0, Queue: 10.0, Fairness: 0.0."
52.0,ambulance,PLAN_A,230.0,230.0,230.0,10.0,10.0,0.0,0.0,40.0,230.0,"Selected Current Safe Timing (PLAN_A): Lowest valid score (230.0). Spillback penalty: 0.0, Delay: 10.0, Queue: 10.0, Fairness: 0.0."
53.0,ambulance,PLAN_A,233.0,233.0,233.0,11.0,11.0,0.0,0.0,40.0,233.0,"Selected Current Safe Timing (PLAN_A): Lowest valid score (233.0). Spillback penalty: 0.0, Delay: 11.0, Queue: 11.0, Fairness: 0.0."
54.0,ambulance,PLAN_A,233.0,233.0,233.0,11.0,11.0,0.0,0.0,40.0,233.0,"Selected Current Safe Timing (PLAN_A): Lowest valid score (233.0). Spillback penalty: 0.0, Delay: 11.0, Queue: 11.0, Fairness: 0.0."
55.0,ambulance,PLAN_C,236.0,236.0,45.0,16.0,12.0,0.0,0.0,1.0,45.0,"Selected Downstream Clearing & Corridor Coordination (PLAN_C): Lowest valid score (45.0). Spillback penalty: 0.0, Delay: 16.0, Queue: 12.0, Fairness: 0.0."
56.0,ambulance,PLAN_A,239.0,239.0,239.0,13.0,13.0,0.0,0.0,40.0,239.0,"Selected Current Safe Timing (PLAN_A): Lowest valid score (239.0). Spillback penalty: 0.0, Delay: 13.0, Queue: 13.0, Fairness: 0.0."
57.0,ambulance,PLAN_A,248.0,248.0,248.0,16.0,16.0,0.0,0.0,40.0,248.0,"Selected Current Safe Timing (PLAN_A): Lowest valid score (248.0). Spillback penalty: 0.0, Delay: 16.0, Queue: 16.0, Fairness: 0.0."
58.0,ambulance,PLAN_A,254.0,254.0,254.0,18.0,18.0,0.0,0.0,40.0,254.0,"Selected Current Safe Timing (PLAN_A): Lowest valid score (254.0). Spillback penalty: 0.0, Delay: 18.0, Queue: 18.0, Fairness: 0.0."
59.0,ambulance,PLAN_A,257.0,257.0,257.0,19.0,19.0,0.0,0.0,40.0,257.0,"Selected Current Safe Timing (PLAN_A): Lowest valid score (257.0). Spillback penalty: 0.0, Delay: 19.0, Queue: 19.0, Fairness: 0.0."
60.0,ambulance,PLAN_A,257.0,257.0,257.0,19.0,19.0,0.0,0.0,40.0,257.0,"Selected Current Safe Timing (PLAN_A): Lowest valid score (257.0). Spillback penalty: 0.0, Delay: 19.0, Queue: 19.0, Fairness: 0.0."
61.0,ambulance,PLAN_A,59.46,59.46,59.46,18.0,18.0,0.82,2.0,0.0,59.46,"Selected Current Safe Timing (PLAN_A): Lowest valid score (59.5). Spillback penalty: 0.8, Delay: 18.0, Queue: 18.0, Fairness: 2.0."
62.0,ambulance,PLAN_A,60.36,60.36,60.36,18.0,18.0,0.82,2.6,0.0,60.36,"Selected Current Safe Timing (PLAN_A): Lowest valid score (60.4). Spillback penalty: 0.8, Delay: 18.0, Queue: 18.0, Fairness: 2.6."
63.0,ambulance,PLAN_A,64.26,64.26,64.26,19.0,19.0,0.82,3.2,0.0,64.26,"Selected Current Safe Timing (PLAN_A): Lowest valid score (64.3). Spillback penalty: 0.8, Delay: 19.0, Queue: 19.0, Fairness: 3.2."
64.0,ambulance,PLAN_A,65.61,65.61,65.61,19.0,19.0,1.02,3.7,0.0,65.61,"Selected Current Safe Timing (PLAN_A): Lowest valid score (65.6). Spillback penalty: 1.0, Delay: 19.0, Queue: 19.0, Fairness: 3.7."
65.0,ambulance,PLAN_A,66.51,66.51,66.51,19.0,19.0,1.02,4.3,0.0,66.51,"Selected Current Safe Timing (PLAN_A): Lowest valid score (66.5). Spillback penalty: 1.0, Delay: 19.0, Queue: 19.0, Fairness: 4.3."
66.0,ambulance,PLAN_A,77.01,77.01,77.01,22.0,22.0,1.12,5.1,0.0,77.01,"Selected Current Safe Timing (PLAN_A): Lowest valid score (77.0). Spillback penalty: 1.1, Delay: 22.0, Queue: 22.0, Fairness: 5.1."
67.0,ambulance,PLAN_A,81.54,81.54,81.54,23.0,23.0,1.23,5.9,0.0,81.54,"Selected Current Safe Timing (PLAN_A): Lowest valid score (81.5). Spillback penalty: 1.2, Delay: 23.0, Queue: 23.0, Fairness: 5.9."
68.0,ambulance,PLAN_A,83.04,83.04,83.04,23.0,23.0,1.33,6.7,0.0,83.04,"Selected Current Safe Timing (PLAN_A): Lowest valid score (83.0). Spillback penalty: 1.3, Delay: 23.0, Queue: 23.0, Fairness: 6.7."
69.0,ambulance,PLAN_C,284.24,284.24,85.24,19.0,23.0,1.33,7.5,1.0,85.24,"Selected Downstream Clearing & Corridor Coordination (PLAN_C): Lowest valid score (85.2). Spillback penalty: 1.3, Delay: 19.0, Queue: 23.0, Fairness: 7.5."
70.0,ambulance,PLAN_A,285.44,285.44,285.44,23.0,23.0,1.33,8.3,40.0,285.44,"Selected Current Safe Timing (PLAN_A): Lowest valid score (285.4). Spillback penalty: 1.3, Delay: 23.0, Queue: 23.0, Fairness: 8.3."
71.0,ambulance,PLAN_A,286.64,286.64,286.64,23.0,23.0,1.33,9.1,40.0,286.64,"Selected Current Safe Timing (PLAN_A): Lowest valid score (286.6). Spillback penalty: 1.3, Delay: 23.0, Queue: 23.0, Fairness: 9.1."
72.0,ambulance,PLAN_A,287.84,287.84,287.84,23.0,23.0,1.33,9.9,40.0,287.84,"Selected Current Safe Timing (PLAN_A): Lowest valid score (287.8). Spillback penalty: 1.3, Delay: 23.0, Queue: 23.0, Fairness: 9.9."
73.0,ambulance,PLAN_A,289.04,289.04,289.04,23.0,23.0,1.33,10.7,40.0,289.04,"Selected Current Safe Timing (PLAN_A): Lowest valid score (289.0). Spillback penalty: 1.3, Delay: 23.0, Queue: 23.0, Fairness: 10.7."
74.0,ambulance,PLAN_A,290.6,290.6,290.6,23.0,23.0,1.45,11.5,40.0,290.6,"Selected Current Safe Timing (PLAN_A): Lowest valid score (290.6). Spillback penalty: 1.4, Delay: 23.0, Queue: 23.0, Fairness: 11.5."
75.0,ambulance,PLAN_B,84.45,78.45,84.45,15.0,21.0,1.47,11.36,0.0,78.45,"Selected Bounded Green Extension (PLAN_B): Lowest valid score (78.5). Spillback penalty: 1.5, Delay: 15.0, Queue: 21.0, Fairness: 11.4."
76.0,ambulance,PLAN_B,83.22,79.22,83.22,16.0,20.0,1.66,12.16,0.0,79.22,"Selected Bounded Green Extension (PLAN_B): Lowest valid score (79.2). Spillback penalty: 1.7, Delay: 16.0, Queue: 20.0, Fairness: 12.2."
77.0,ambulance,PLAN_A,78.42,78.42,78.42,18.0,18.0,1.66,12.96,0.0,78.42,"Selected Current Safe Timing (PLAN_A): Lowest valid score (78.4). Spillback penalty: 1.7, Delay: 18.0, Queue: 18.0, Fairness: 13.0."
78.0,ambulance,PLAN_A,73.68,73.68,73.68,16.0,16.0,1.68,13.76,0.0,73.68,"Selected Current Safe Timing (PLAN_A): Lowest valid score (73.7). Spillback penalty: 1.7, Delay: 16.0, Queue: 16.0, Fairness: 13.8."
79.0,ambulance,PLAN_A,82.35,82.35,82.35,18.0,18.0,1.77,15.36,0.0,82.35,"Selected Current Safe Timing (PLAN_A): Lowest valid score (82.3). Spillback penalty: 1.8, Delay: 18.0, Queue: 18.0, Fairness: 15.4."
80.0,ambulance,PLAN_A,85.35,85.35,85.35,18.0,18.0,1.97,16.96,0.0,85.35,"Selected Current Safe Timing (PLAN_A): Lowest valid score (85.3). Spillback penalty: 2.0, Delay: 18.0, Queue: 18.0, Fairness: 17.0."
81.0,ambulance,PLAN_A,87.48,87.48,87.48,18.0,18.0,1.88,18.56,0.0,87.48,"Selected Current Safe Timing (PLAN_A): Lowest valid score (87.5). Spillback penalty: 1.9, Delay: 18.0, Queue: 18.0, Fairness: 18.6."
82.0,ambulance,PLAN_A,90.18,90.18,90.18,18.0,18.0,1.98,20.16,0.0,90.18,"Selected Current Safe Timing (PLAN_A): Lowest valid score (90.2). Spillback penalty: 2.0, Delay: 18.0, Queue: 18.0, Fairness: 20.2."
83.0,ambulance,PLAN_A,92.31,92.31,92.31,18.0,18.0,1.89,21.76,0.0,92.31,"Selected Current Safe Timing (PLAN_A): Lowest valid score (92.3). Spillback penalty: 1.9, Delay: 18.0, Queue: 18.0, Fairness: 21.8."
84.0,ambulance,PLAN_A,95.04,95.04,95.04,18.0,18.0,2.0,23.36,0.0,95.04,"Selected Current Safe Timing (PLAN_A): Lowest valid score (95.0). Spillback penalty: 2.0, Delay: 18.0, Queue: 18.0, Fairness: 23.4."
85.0,ambulance,PLAN_A,97.14,97.14,97.14,18.0,18.0,1.9,24.96,0.0,97.14,"Selected Current Safe Timing (PLAN_A): Lowest valid score (97.1). Spillback penalty: 1.9, Delay: 18.0, Queue: 18.0, Fairness: 25.0."
86.0,ambulance,PLAN_A,99.9,99.9,99.9,18.0,18.0,2.02,26.56,0.0,99.9,"Selected Current Safe Timing (PLAN_A): Lowest valid score (99.9). Spillback penalty: 2.0, Delay: 18.0, Queue: 18.0, Fairness: 26.6."
87.0,ambulance,PLAN_A,102.3,102.3,102.3,18.0,18.0,2.02,28.16,0.0,102.3,"Selected Current Safe Timing (PLAN_A): Lowest valid score (102.3). Spillback penalty: 2.0, Delay: 18.0, Queue: 18.0, Fairness: 28.2."
88.0,ambulance,PLAN_A,104.91,104.91,104.91,18.0,18.0,2.09,29.76,0.0,104.91,"Selected Current Safe Timing (PLAN_A): Lowest valid score (104.9). Spillback penalty: 2.1, Delay: 18.0, Queue: 18.0, Fairness: 29.8."
89.0,ambulance,PLAN_A,305.3,305.3,305.3,18.0,18.0,2.2,29.8,40.0,305.3,"Selected Current Safe Timing (PLAN_A): Lowest valid score (305.3). Spillback penalty: 2.2, Delay: 18.0, Queue: 18.0, Fairness: 29.8."
90.0,ambulance,PLAN_A,310.7,310.7,310.7,19.0,19.0,2.2,31.4,40.0,310.7,"Selected Current Safe Timing (PLAN_A): Lowest valid score (310.7). Spillback penalty: 2.2, Delay: 19.0, Queue: 19.0, Fairness: 31.4."
91.0,ambulance,PLAN_B,94.02,88.02,94.02,7.0,13.0,1.84,33.0,0.0,88.02,"Selected Bounded Green Extension (PLAN_B): Lowest valid score (88.0). Spillback penalty: 1.8, Delay: 7.0, Queue: 13.0, Fairness: 33.0."
92.0,ambulance,PLAN_B,86.28,82.28,86.28,7.0,11.0,1.86,31.8,0.0,82.28,"Selected Bounded Green Extension (PLAN_B): Lowest valid score (82.3). Spillback penalty: 1.9, Delay: 7.0, Queue: 11.0, Fairness: 31.8."
93.0,ambulance,PLAN_A,85.65,85.65,85.65,10.0,10.0,1.85,33.4,0.0,85.65,"Selected Current Safe Timing (PLAN_A): Lowest valid score (85.7). Spillback penalty: 1.9, Delay: 10.0, Queue: 10.0, Fairness: 33.4."
94.0,ambulance,PLAN_A,82.38,82.38,82.38,8.0,8.0,1.96,35.0,0.0,82.38,"Selected Current Safe Timing (PLAN_A): Lowest valid score (82.4). Spillback penalty: 2.0, Delay: 8.0, Queue: 8.0, Fairness: 35.0."
95.0,ambulance,PLAN_A,88.98,88.98,88.98,9.0,9.0,1.96,37.4,0.0,88.98,"Selected Current Safe Timing (PLAN_A): Lowest valid score (89.0). Spillback penalty: 2.0, Delay: 9.0, Queue: 9.0, Fairness: 37.4."
96.0,ambulance,PLAN_A,94.8,94.8,94.8,10.0,10.0,2.06,39.08,0.0,94.8,"Selected Current Safe Timing (PLAN_A): Lowest valid score (94.8). Spillback penalty: 2.1, Delay: 10.0, Queue: 10.0, Fairness: 39.1."
97.0,ambulance,PLAN_A,98.95,98.95,98.95,10.0,10.0,1.87,42.23,0.0,98.95,"Selected Current Safe Timing (PLAN_A): Lowest valid score (99.0). Spillback penalty: 1.9, Delay: 10.0, Queue: 10.0, Fairness: 42.2."
98.0,ambulance,PLAN_A,107.06,107.06,107.06,11.0,11.0,2.27,44.83,0.0,107.06,"Selected Current Safe Timing (PLAN_A): Lowest valid score (107.1). Spillback penalty: 2.3, Delay: 11.0, Queue: 11.0, Fairness: 44.8."
99.0,ambulance,PLAN_A,114.28,114.28,114.28,12.0,12.0,2.08,48.03,0.0,114.28,"Selected Current Safe Timing (PLAN_A): Lowest valid score (114.3). Spillback penalty: 2.1, Delay: 12.0, Queue: 12.0, Fairness: 48.0."
100.0,ambulance,PLAN_A,119.41,119.41,119.41,12.0,12.0,2.19,51.23,0.0,119.41,"Selected Current Safe Timing (PLAN_A): Lowest valid score (119.4). Spillback penalty: 2.2, Delay: 12.0, Queue: 12.0, Fairness: 51.2."
101.0,ambulance,PLAN_A,123.91,123.91,123.91,12.0,12.0,2.09,54.43,0.0,123.91,"Selected Current Safe Timing (PLAN_A): Lowest valid score (123.9). Spillback penalty: 2.1, Delay: 12.0, Queue: 12.0, Fairness: 54.4."
102.0,ambulance,PLAN_A,128.44,128.44,128.44,12.0,12.0,2.0,57.63,0.0,128.44,"Selected Current Safe Timing (PLAN_A): Lowest valid score (128.4). Spillback penalty: 2.0, Delay: 12.0, Queue: 12.0, Fairness: 57.6."
103.0,ambulance,PLAN_A,133.25,133.25,133.25,12.0,12.0,2.0,60.83,0.0,133.25,"Selected Current Safe Timing (PLAN_A): Lowest valid score (133.2). Spillback penalty: 2.0, Delay: 12.0, Queue: 12.0, Fairness: 60.8."
104.0,ambulance,PLAN_A,135.92,135.92,135.92,13.0,13.0,1.99,60.63,0.0,135.92,"Selected Current Safe Timing (PLAN_A): Lowest valid score (135.9). Spillback penalty: 2.0, Delay: 13.0, Queue: 13.0, Fairness: 60.6."
105.0,ambulance,PLAN_A,138.69,138.69,138.69,13.0,13.0,2.08,62.3,0.0,138.69,"Selected Current Safe Timing (PLAN_A): Lowest valid score (138.7). Spillback penalty: 2.1, Delay: 13.0, Queue: 13.0, Fairness: 62.3."
106.0,ambulance,PLAN_A,149.52,149.52,149.52,15.0,15.0,2.09,65.5,0.0,149.52,"Selected Current Safe Timing (PLAN_A): Lowest valid score (149.5). Spillback penalty: 2.1, Delay: 15.0, Queue: 15.0, Fairness: 65.5."
107.0,ambulance,PLAN_B,141.39,136.39,141.39,8.0,13.0,2.2,63.86,0.0,136.39,"Selected Bounded Green Extension (PLAN_B): Lowest valid score (136.4). Spillback penalty: 2.2, Delay: 8.0, Queue: 13.0, Fairness: 63.9."
108.0,ambulance,PLAN_B,137.41,134.41,137.41,9.0,12.0,2.09,63.43,0.0,134.41,"Selected Bounded Green Extension (PLAN_B): Lowest valid score (134.4). Spillback penalty: 2.1, Delay: 9.0, Queue: 12.0, Fairness: 63.4."
109.0,ambulance,PLAN_A,116.64,116.64,116.64,10.0,10.0,1.74,54.28,0.0,116.64,"Selected Current Safe Timing (PLAN_A): Lowest valid score (116.6). Spillback penalty: 1.7, Delay: 10.0, Queue: 10.0, Fairness: 54.3."
110.0,ambulance,PLAN_A,94.05,94.05,94.05,9.0,9.0,2.05,40.6,0.0,94.05,"Selected Current Safe Timing (PLAN_A): Lowest valid score (94.0). Spillback penalty: 2.0, Delay: 9.0, Queue: 9.0, Fairness: 40.6."
111.0,ambulance,PLAN_A,99.56,99.56,99.56,10.0,10.0,1.95,42.47,0.0,99.56,"Selected Current Safe Timing (PLAN_A): Lowest valid score (99.6). Spillback penalty: 1.9, Delay: 10.0, Queue: 10.0, Fairness: 42.5."
112.0,ambulance,PLAN_A,103.95,103.95,103.95,12.0,12.0,1.95,41.4,0.0,103.95,"Selected Current Safe Timing (PLAN_A): Lowest valid score (104.0). Spillback penalty: 1.9, Delay: 12.0, Queue: 12.0, Fairness: 41.4."
113.0,ambulance,PLAN_A,111.15,111.15,111.15,13.0,13.0,2.15,43.8,0.0,111.15,"Selected Current Safe Timing (PLAN_A): Lowest valid score (111.2). Spillback penalty: 2.1, Delay: 13.0, Queue: 13.0, Fairness: 43.8."
114.0,ambulance,PLAN_A,117.75,117.75,117.75,14.0,14.0,2.15,46.2,0.0,117.75,"Selected Current Safe Timing (PLAN_A): Lowest valid score (117.8). Spillback penalty: 2.1, Delay: 14.0, Queue: 14.0, Fairness: 46.2."
115.0,ambulance,PLAN_A,120.78,120.78,120.78,14.0,14.0,1.96,48.6,0.0,120.78,"Selected Current Safe Timing (PLAN_A): Lowest valid score (120.8). Spillback penalty: 2.0, Delay: 14.0, Queue: 14.0, Fairness: 48.6."
116.0,ambulance,PLAN_A,124.32,124.32,124.32,14.0,14.0,1.94,51.0,0.0,124.32,"Selected Current Safe Timing (PLAN_A): Lowest valid score (124.3). Spillback penalty: 1.9, Delay: 14.0, Queue: 14.0, Fairness: 51.0."
117.0,ambulance,PLAN_A,130.65,130.65,130.65,15.0,15.0,1.85,53.4,0.0,130.65,"Selected Current Safe Timing (PLAN_A): Lowest valid score (130.7). Spillback penalty: 1.9, Delay: 15.0, Queue: 15.0, Fairness: 53.4."
118.0,ambulance,PLAN_A,133.97,133.97,133.97,15.0,15.0,2.14,55.03,0.0,133.97,"Selected Current Safe Timing (PLAN_A): Lowest valid score (134.0). Spillback penalty: 2.1, Delay: 15.0, Queue: 15.0, Fairness: 55.0."
119.0,ambulance,PLAN_A,139.89,139.89,139.89,17.0,17.0,1.95,55.36,0.0,139.89,"Selected Current Safe Timing (PLAN_A): Lowest valid score (139.9). Spillback penalty: 1.9, Delay: 17.0, Queue: 17.0, Fairness: 55.4."
120.0,ambulance,PLAN_A,146.46,146.46,146.46,18.0,18.0,1.94,57.76,0.0,146.46,"Selected Current Safe Timing (PLAN_A): Lowest valid score (146.5). Spillback penalty: 1.9, Delay: 18.0, Queue: 18.0, Fairness: 57.8."
121.0,ambulance,PLAN_A,123.36,123.36,123.36,16.0,16.0,1.94,46.36,0.0,123.36,"Selected Current Safe Timing (PLAN_A): Lowest valid score (123.4). Spillback penalty: 1.9, Delay: 16.0, Queue: 16.0, Fairness: 46.4."
122.0,ambulance,PLAN_A,99.06,99.06,99.06,14.0,14.0,2.04,33.96,0.0,99.06,"Selected Current Safe Timing (PLAN_A): Lowest valid score (99.1). Spillback penalty: 2.0, Delay: 14.0, Queue: 14.0, Fairness: 34.0."
123.0,ambulance,PLAN_A,105.02,105.02,105.02,16.0,16.0,1.94,34.13,0.0,105.02,"Selected Current Safe Timing (PLAN_A): Lowest valid score (105.0). Spillback penalty: 1.9, Delay: 16.0, Queue: 16.0, Fairness: 34.1."
124.0,ambulance,PLAN_A,106.4,106.4,106.4,16.0,16.0,2.04,34.85,0.0,106.4,"Selected Current Safe Timing (PLAN_A): Lowest valid score (106.4). Spillback penalty: 2.0, Delay: 16.0, Queue: 16.0, Fairness: 34.9."
125.0,ambulance,PLAN_A,111.5,111.5,111.5,17.0,17.0,1.94,36.45,0.0,111.5,"Selected Current Safe Timing (PLAN_A): Lowest valid score (111.5). Spillback penalty: 1.9, Delay: 17.0, Queue: 17.0, Fairness: 36.5."
126.0,ambulance,PLAN_A,113.29,113.29,113.29,17.0,17.0,1.74,38.05,0.0,113.29,"Selected Current Safe Timing (PLAN_A): Lowest valid score (113.3). Spillback penalty: 1.7, Delay: 17.0, Queue: 17.0, Fairness: 38.0."
127.0,ambulance,PLAN_A,118.72,118.72,118.72,18.0,18.0,1.75,39.65,0.0,118.72,"Selected Current Safe Timing (PLAN_A): Lowest valid score (118.7). Spillback penalty: 1.8, Delay: 18.0, Queue: 18.0, Fairness: 39.6."
128.0,ambulance,PLAN_A,124.25,124.25,124.25,19.0,19.0,1.79,41.25,0.0,124.25,"Selected Current Safe Timing (PLAN_A): Lowest valid score (124.2). Spillback penalty: 1.8, Delay: 19.0, Queue: 19.0, Fairness: 41.2."
129.0,ambulance,PLAN_A,124.51,124.51,124.51,19.0,19.0,1.79,41.43,0.0,124.51,"Selected Current Safe Timing (PLAN_A): Lowest valid score (124.5). Spillback penalty: 1.8, Delay: 19.0, Queue: 19.0, Fairness: 41.4."
130.0,ambulance,PLAN_A,135.68,135.68,135.68,22.0,22.0,1.71,43.03,0.0,135.68,"Selected Current Safe Timing (PLAN_A): Lowest valid score (135.7). Spillback penalty: 1.7, Delay: 22.0, Queue: 22.0, Fairness: 43.0."
131.0,ambulance,PLAN_A,141.07,141.07,141.07,23.0,23.0,1.71,44.63,0.0,141.07,"Selected Current Safe Timing (PLAN_A): Lowest valid score (141.1). Spillback penalty: 1.7, Delay: 23.0, Queue: 23.0, Fairness: 44.6."
132.0,ambulance,PLAN_A,147.34,147.34,147.34,26.0,26.0,0.0,46.23,0.0,147.34,"Selected Current Safe Timing (PLAN_A): Lowest valid score (147.3). Spillback penalty: 0.0, Delay: 26.0, Queue: 26.0, Fairness: 46.2."
133.0,ambulance,PLAN_A,149.75,149.75,149.75,26.0,26.0,0.0,47.83,0.0,149.75,"Selected Current Safe Timing (PLAN_A): Lowest valid score (149.8). Spillback penalty: 0.0, Delay: 26.0, Queue: 26.0, Fairness: 47.8."
134.0,ambulance,PLAN_A,158.14,158.14,158.14,28.0,28.0,0.0,49.43,0.0,158.14,"Selected Current Safe Timing (PLAN_A): Lowest valid score (158.1). Spillback penalty: 0.0, Delay: 28.0, Queue: 28.0, Fairness: 49.4."
135.0,ambulance,PLAN_A,163.55,163.55,163.55,29.0,29.0,0.0,51.03,0.0,163.55,"Selected Current Safe Timing (PLAN_A): Lowest valid score (163.6). Spillback penalty: 0.0, Delay: 29.0, Queue: 29.0, Fairness: 51.0."
136.0,ambulance,PLAN_A,171.94,171.94,171.94,31.0,31.0,0.0,52.63,0.0,171.94,"Selected Current Safe Timing (PLAN_A): Lowest valid score (171.9). Spillback penalty: 0.0, Delay: 31.0, Queue: 31.0, Fairness: 52.6."
137.0,ambulance,PLAN_B,143.81,135.81,143.81,20.0,28.0,0.0,39.87,0.0,135.81,"Selected Bounded Green Extension (PLAN_B): Lowest valid score (135.8). Spillback penalty: 0.0, Delay: 20.0, Queue: 28.0, Fairness: 39.9."
138.0,ambulance,PLAN_B,123.3,120.3,123.3,22.0,25.0,0.0,32.2,0.0,120.3,"Selected Bounded Green Extension (PLAN_B): Lowest valid score (120.3). Spillback penalty: 0.0, Delay: 22.0, Queue: 25.0, Fairness: 32.2."
139.0,ambulance,PLAN_B,105.8,103.8,105.8,21.0,23.0,0.0,24.53,0.0,103.8,"Selected Bounded Green Extension (PLAN_B): Lowest valid score (103.8). Spillback penalty: 0.0, Delay: 21.0, Queue: 23.0, Fairness: 24.5."
140.0,ambulance,PLAN_A,107.4,107.4,107.4,24.0,24.0,0.0,23.6,0.0,107.4,"Selected Current Safe Timing (PLAN_A): Lowest valid score (107.4). Spillback penalty: 0.0, Delay: 24.0, Queue: 24.0, Fairness: 23.6."
141.0,ambulance,PLAN_A,103.8,103.8,103.8,23.0,23.0,0.0,23.2,0.0,103.8,"Selected Current Safe Timing (PLAN_A): Lowest valid score (103.8). Spillback penalty: 0.0, Delay: 23.0, Queue: 23.0, Fairness: 23.2."
142.0,ambulance,PLAN_A,69.0,69.0,69.0,23.0,23.0,0.0,0.0,0.0,69.0,"Selected Current Safe Timing (PLAN_A): Lowest valid score (69.0). Spillback penalty: 0.0, Delay: 23.0, Queue: 23.0, Fairness: 0.0."
143.0,ambulance,PLAN_A,75.0,75.0,75.0,25.0,25.0,0.0,0.0,0.0,75.0,"Selected Current Safe Timing (PLAN_A): Lowest valid score (75.0). Spillback penalty: 0.0, Delay: 25.0, Queue: 25.0, Fairness: 0.0."
144.0,ambulance,PLAN_A,78.0,78.0,78.0,26.0,26.0,0.0,0.0,0.0,78.0,"Selected Current Safe Timing (PLAN_A): Lowest valid score (78.0). Spillback penalty: 0.0, Delay: 26.0, Queue: 26.0, Fairness: 0.0."
145.0,ambulance,PLAN_A,78.0,78.0,78.0,26.0,26.0,0.0,0.0,0.0,78.0,"Selected Current Safe Timing (PLAN_A): Lowest valid score (78.0). Spillback penalty: 0.0, Delay: 26.0, Queue: 26.0, Fairness: 0.0."
146.0,ambulance,PLAN_A,81.0,81.0,81.0,27.0,27.0,0.0,0.0,0.0,81.0,"Selected Current Safe Timing (PLAN_A): Lowest valid score (81.0). Spillback penalty: 0.0, Delay: 27.0, Queue: 27.0, Fairness: 0.0."
147.0,ambulance,PLAN_A,81.0,81.0,81.0,27.0,27.0,0.0,0.0,0.0,81.0,"Selected Current Safe Timing (PLAN_A): Lowest valid score (81.0). Spillback penalty: 0.0, Delay: 27.0, Queue: 27.0, Fairness: 0.0."
148.0,ambulance,PLAN_A,84.0,84.0,84.0,28.0,28.0,0.0,0.0,0.0,84.0,"Selected Current Safe Timing (PLAN_A): Lowest valid score (84.0). Spillback penalty: 0.0, Delay: 28.0, Queue: 28.0, Fairness: 0.0."
149.0,ambulance,PLAN_A,90.0,90.0,90.0,30.0,30.0,0.0,0.0,0.0,90.0,"Selected Current Safe Timing (PLAN_A): Lowest valid score (90.0). Spillback penalty: 0.0, Delay: 30.0, Queue: 30.0, Fairness: 0.0."
150.0,ambulance,PLAN_A,93.0,93.0,93.0,31.0,31.0,0.0,0.0,0.0,93.0,"Selected Current Safe Timing (PLAN_A): Lowest valid score (93.0). Spillback penalty: 0.0, Delay: 31.0, Queue: 31.0, Fairness: 0.0."
151.0,ambulance,PLAN_A,93.0,93.0,93.0,31.0,31.0,0.0,0.0,0.0,93.0,"Selected Current Safe Timing (PLAN_A): Lowest valid score (93.0). Spillback penalty: 0.0, Delay: 31.0, Queue: 31.0, Fairness: 0.0."
152.0,ambulance,PLAN_A,93.0,93.0,93.0,31.0,31.0,0.0,0.0,0.0,93.0,"Selected Current Safe Timing (PLAN_A): Lowest valid score (93.0). Spillback penalty: 0.0, Delay: 31.0, Queue: 31.0, Fairness: 0.0."
153.0,ambulance,PLAN_B,81.0,71.0,81.0,17.0,27.0,0.0,0.0,0.0,71.0,"Selected Bounded Green Extension (PLAN_B): Lowest valid score (71.0). Spillback penalty: 0.0, Delay: 17.0, Queue: 27.0, Fairness: 0.0."
154.0,ambulance,PLAN_B,75.0,67.0,75.0,17.0,25.0,0.0,0.0,0.0,67.0,"Selected Bounded Green Extension (PLAN_B): Lowest valid score (67.0). Spillback penalty: 0.0, Delay: 17.0, Queue: 25.0, Fairness: 0.0."
155.0,ambulance,PLAN_B,69.0,63.0,69.0,17.0,23.0,0.0,0.0,0.0,63.0,"Selected Bounded Green Extension (PLAN_B): Lowest valid score (63.0). Spillback penalty: 0.0, Delay: 17.0, Queue: 23.0, Fairness: 0.0."
156.0,ambulance,PLAN_B,66.63,61.63,66.63,17.0,22.0,0.21,0.0,0.0,61.63,"Selected Bounded Green Extension (PLAN_B): Lowest valid score (61.6). Spillback penalty: 0.2, Delay: 17.0, Queue: 22.0, Fairness: 0.0."
157.0,ambulance,PLAN_B,63.63,59.63,63.63,17.0,21.0,0.21,0.0,0.0,59.63,"Selected Bounded Green Extension (PLAN_B): Lowest valid score (59.6). Spillback penalty: 0.2, Delay: 17.0, Queue: 21.0, Fairness: 0.0."
158.0,ambulance,PLAN_A,58.23,58.23,58.23,19.0,19.0,0.41,0.0,0.0,58.23,"Selected Current Safe Timing (PLAN_A): Lowest valid score (58.2). Spillback penalty: 0.4, Delay: 19.0, Queue: 19.0, Fairness: 0.0."
159.0,ambulance,PLAN_A,52.23,52.23,52.23,17.0,17.0,0.41,0.0,0.0,52.23,"Selected Current Safe Timing (PLAN_A): Lowest valid score (52.2). Spillback penalty: 0.4, Delay: 17.0, Queue: 17.0, Fairness: 0.0."
160.0,ambulance,PLAN_A,52.83,52.83,52.83,17.0,17.0,0.61,0.0,0.0,52.83,"Selected Current Safe Timing (PLAN_A): Lowest valid score (52.8). Spillback penalty: 0.6, Delay: 17.0, Queue: 17.0, Fairness: 0.0."
161.0,ambulance,PLAN_A,52.83,52.83,52.83,17.0,17.0,0.61,0.0,0.0,52.83,"Selected Current Safe Timing (PLAN_A): Lowest valid score (52.8). Spillback penalty: 0.6, Delay: 17.0, Queue: 17.0, Fairness: 0.0."
162.0,ambulance,PLAN_A,53.13,53.13,53.13,17.0,17.0,0.71,0.0,0.0,53.13,"Selected Current Safe Timing (PLAN_A): Lowest valid score (53.1). Spillback penalty: 0.7, Delay: 17.0, Queue: 17.0, Fairness: 0.0."
163.0,ambulance,PLAN_A,56.13,56.13,56.13,18.0,18.0,0.71,0.0,0.0,56.13,"Selected Current Safe Timing (PLAN_A): Lowest valid score (56.1). Spillback penalty: 0.7, Delay: 18.0, Queue: 18.0, Fairness: 0.0."
164.0,ambulance,PLAN_A,56.85,56.85,56.85,18.0,18.0,0.95,0.0,0.0,56.85,"Selected Current Safe Timing (PLAN_A): Lowest valid score (56.9). Spillback penalty: 0.9, Delay: 18.0, Queue: 18.0, Fairness: 0.0."
165.0,ambulance,PLAN_A,57.15,57.15,57.15,18.0,18.0,1.05,0.0,0.0,57.15,"Selected Current Safe Timing (PLAN_A): Lowest valid score (57.1). Spillback penalty: 1.1, Delay: 18.0, Queue: 18.0, Fairness: 0.0."
166.0,ambulance,PLAN_A,57.15,57.15,57.15,18.0,18.0,1.05,0.0,0.0,57.15,"Selected Current Safe Timing (PLAN_A): Lowest valid score (57.1). Spillback penalty: 1.1, Delay: 18.0, Queue: 18.0, Fairness: 0.0."
167.0,ambulance,PLAN_B,51.69,42.69,51.69,7.0,16.0,1.23,0.0,0.0,42.69,"Selected Bounded Green Extension (PLAN_B): Lowest valid score (42.7). Spillback penalty: 1.2, Delay: 7.0, Queue: 16.0, Fairness: 0.0."
168.0,ambulance,PLAN_B,45.69,38.69,45.69,7.0,14.0,1.23,0.0,0.0,38.69,"Selected Bounded Green Extension (PLAN_B): Lowest valid score (38.7). Spillback penalty: 1.2, Delay: 7.0, Queue: 14.0, Fairness: 0.0."
169.0,ambulance,PLAN_B,40.29,35.29,40.29,7.0,12.0,1.43,0.0,0.0,35.29,"Selected Bounded Green Extension (PLAN_B): Lowest valid score (35.3). Spillback penalty: 1.4, Delay: 7.0, Queue: 12.0, Fairness: 0.0."
170.0,ambulance,PLAN_B,33.69,30.69,33.69,7.0,10.0,1.23,0.0,0.0,30.69,"Selected Bounded Green Extension (PLAN_B): Lowest valid score (30.7). Spillback penalty: 1.2, Delay: 7.0, Queue: 10.0, Fairness: 0.0."
171.0,ambulance,PLAN_A,28.59,28.59,28.59,8.0,8.0,1.53,0.0,0.0,28.59,"Selected Current Safe Timing (PLAN_A): Lowest valid score (28.6). Spillback penalty: 1.5, Delay: 8.0, Queue: 8.0, Fairness: 0.0."
172.0,ambulance,PLAN_A,29.82,29.82,29.82,8.0,8.0,1.54,0.8,0.0,29.82,"Selected Current Safe Timing (PLAN_A): Lowest valid score (29.8). Spillback penalty: 1.5, Delay: 8.0, Queue: 8.0, Fairness: 0.8."
173.0,ambulance,PLAN_A,31.02,31.02,31.02,8.0,8.0,1.74,1.2,0.0,31.02,"Selected Current Safe Timing (PLAN_A): Lowest valid score (31.0). Spillback penalty: 1.7, Delay: 8.0, Queue: 8.0, Fairness: 1.2."
174.0,ambulance,PLAN_A,34.84,34.84,34.84,9.0,9.0,1.75,1.73,0.0,34.84,"Selected Current Safe Timing (PLAN_A): Lowest valid score (34.8). Spillback penalty: 1.8, Delay: 9.0, Queue: 9.0, Fairness: 1.7."
175.0,ambulance,PLAN_A,40.25,40.25,40.25,10.0,10.0,2.15,2.53,0.0,40.25,"Selected Current Safe Timing (PLAN_A): Lowest valid score (40.2). Spillback penalty: 2.1, Delay: 10.0, Queue: 10.0, Fairness: 2.5."
176.0,ambulance,PLAN_A,41.45,41.45,41.45,10.0,10.0,2.15,3.33,0.0,41.45,"Selected Current Safe Timing (PLAN_A): Lowest valid score (41.5). Spillback penalty: 2.1, Delay: 10.0, Queue: 10.0, Fairness: 3.3."
177.0,ambulance,PLAN_A,47.11,47.11,47.11,11.0,11.0,2.34,4.73,0.0,47.11,"Selected Current Safe Timing (PLAN_A): Lowest valid score (47.1). Spillback penalty: 2.3, Delay: 11.0, Queue: 11.0, Fairness: 4.7."
178.0,ambulance,PLAN_A,52.25,52.25,52.25,12.0,12.0,2.25,6.33,0.0,52.25,"Selected Current Safe Timing (PLAN_A): Lowest valid score (52.2). Spillback penalty: 2.2, Delay: 12.0, Queue: 12.0, Fairness: 6.3."
179.0,ambulance,PLAN_A,57.94,57.94,57.94,13.0,13.0,2.35,7.93,0.0,57.94,"Selected Current Safe Timing (PLAN_A): Lowest valid score (57.9). Spillback penalty: 2.4, Delay: 13.0, Queue: 13.0, Fairness: 7.9."
180.0,ambulance,PLAN_A,60.05,60.05,60.05,13.0,13.0,2.25,9.53,0.0,60.05,"Selected Current Safe Timing (PLAN_A): Lowest valid score (60.0). Spillback penalty: 2.2, Delay: 13.0, Queue: 13.0, Fairness: 9.5."
181.0,ambulance,PLAN_A,63.05,63.05,63.05,13.0,13.0,2.45,11.13,0.0,63.05,"Selected Current Safe Timing (PLAN_A): Lowest valid score (63.0). Spillback penalty: 2.5, Delay: 13.0, Queue: 13.0, Fairness: 11.1."
182.0,ambulance,PLAN_A,68.78,68.78,68.78,14.0,14.0,2.16,13.53,0.0,68.78,"Selected Current Safe Timing (PLAN_A): Lowest valid score (68.8). Spillback penalty: 2.2, Delay: 14.0, Queue: 14.0, Fairness: 13.5."
183.0,ambulance,PLAN_B,65.53,62.53,65.53,8.0,11.0,2.71,16.27,0.0,62.53,"Selected Bounded Green Extension (PLAN_B): Lowest valid score (62.5). Spillback penalty: 2.7, Delay: 8.0, Queue: 11.0, Fairness: 16.3."
184.0,ambulance,PLAN_A,62.45,62.45,62.45,9.0,9.0,2.48,18.67,0.0,62.45,"Selected Current Safe Timing (PLAN_A): Lowest valid score (62.5). Spillback penalty: 2.5, Delay: 9.0, Queue: 9.0, Fairness: 18.7."
185.0,ambulance,PLAN_A,63.05,63.05,63.05,8.0,8.0,2.48,21.07,0.0,63.05,"Selected Current Safe Timing (PLAN_A): Lowest valid score (63.0). Spillback penalty: 2.5, Delay: 8.0, Queue: 8.0, Fairness: 21.1."
186.0,ambulance,PLAN_A,66.67,66.67,66.67,8.0,8.0,2.49,23.47,0.0,66.67,"Selected Current Safe Timing (PLAN_A): Lowest valid score (66.7). Spillback penalty: 2.5, Delay: 8.0, Queue: 8.0, Fairness: 23.5."
187.0,ambulance,PLAN_A,69.3,69.3,69.3,8.0,8.0,2.6,25.0,0.0,69.3,"Selected Current Safe Timing (PLAN_A): Lowest valid score (69.3). Spillback penalty: 2.6, Delay: 8.0, Queue: 8.0, Fairness: 25.0."
188.0,ambulance,PLAN_A,72.75,72.75,72.75,8.0,8.0,2.6,27.3,0.0,72.75,"Selected Current Safe Timing (PLAN_A): Lowest valid score (72.8). Spillback penalty: 2.6, Delay: 8.0, Queue: 8.0, Fairness: 27.3."
189.0,ambulance,PLAN_A,79.71,79.71,79.71,9.0,9.0,2.72,29.7,0.0,79.71,"Selected Current Safe Timing (PLAN_A): Lowest valid score (79.7). Spillback penalty: 2.7, Delay: 9.0, Queue: 9.0, Fairness: 29.7."
190.0,ambulance,PLAN_A,83.61,83.61,83.61,9.0,9.0,2.82,32.1,0.0,83.61,"Selected Current Safe Timing (PLAN_A): Lowest valid score (83.6). Spillback penalty: 2.8, Delay: 9.0, Queue: 9.0, Fairness: 32.1."
191.0,ambulance,PLAN_A,84.69,84.69,84.69,9.0,9.0,2.62,33.22,0.0,84.69,"Selected Current Safe Timing (PLAN_A): Lowest valid score (84.7). Spillback penalty: 2.6, Delay: 9.0, Queue: 9.0, Fairness: 33.2."
192.0,ambulance,PLAN_A,89.37,89.37,89.37,10.0,10.0,2.73,34.12,0.0,89.37,"Selected Current Safe Timing (PLAN_A): Lowest valid score (89.4). Spillback penalty: 2.7, Delay: 10.0, Queue: 10.0, Fairness: 34.1."
193.0,ambulance,PLAN_A,92.56,92.56,92.56,11.0,11.0,2.83,34.05,0.0,92.56,"Selected Current Safe Timing (PLAN_A): Lowest valid score (92.6). Spillback penalty: 2.8, Delay: 11.0, Queue: 11.0, Fairness: 34.0."
194.0,ambulance,PLAN_A,97.37,97.37,97.37,12.0,12.0,2.26,36.39,0.0,97.37,"Selected Current Safe Timing (PLAN_A): Lowest valid score (97.4). Spillback penalty: 2.3, Delay: 12.0, Queue: 12.0, Fairness: 36.4."
195.0,ambulance,PLAN_A,103.97,103.97,103.97,13.0,13.0,2.26,38.79,0.0,103.97,"Selected Current Safe Timing (PLAN_A): Lowest valid score (104.0). Spillback penalty: 2.3, Delay: 13.0, Queue: 13.0, Fairness: 38.8."
196.0,ambulance,PLAN_A,114.38,114.38,114.38,15.0,15.0,2.45,41.35,0.0,114.38,"Selected Current Safe Timing (PLAN_A): Lowest valid score (114.4). Spillback penalty: 2.5, Delay: 15.0, Queue: 15.0, Fairness: 41.4."
197.0,ambulance,PLAN_A,123.08,123.08,123.08,17.0,17.0,2.55,42.95,0.0,123.08,"Selected Current Safe Timing (PLAN_A): Lowest valid score (123.1). Spillback penalty: 2.5, Delay: 17.0, Queue: 17.0, Fairness: 43.0."
198.0,ambulance,PLAN_A,128.4,128.4,128.4,18.0,18.0,2.45,44.7,0.0,128.4,"Selected Current Safe Timing (PLAN_A): Lowest valid score (128.4). Spillback penalty: 2.5, Delay: 18.0, Queue: 18.0, Fairness: 44.7."
199.0,ambulance,PLAN_B,129.9,126.9,129.9,15.0,18.0,2.65,45.3,0.0,126.9,"Selected Bounded Green Extension (PLAN_B): Lowest valid score (126.9). Spillback penalty: 2.6, Delay: 15.0, Queue: 18.0, Fairness: 45.3."
200.0,ambulance,PLAN_B,119.07,118.07,119.07,16.0,17.0,2.36,40.66,0.0,118.07,"Selected Bounded Green Extension (PLAN_B): Lowest valid score (118.1). Spillback penalty: 2.4, Delay: 16.0, Queue: 17.0, Fairness: 40.7."
201.0,ambulance,PLAN_A,114.63,114.63,114.63,15.0,15.0,2.48,41.46,0.0,114.63,"Selected Current Safe Timing (PLAN_A): Lowest valid score (114.6). Spillback penalty: 2.5, Delay: 15.0, Queue: 15.0, Fairness: 41.5."
202.0,ambulance,PLAN_A,111.18,111.18,111.18,15.0,15.0,2.68,38.76,0.0,111.18,"Selected Current Safe Timing (PLAN_A): Lowest valid score (111.2). Spillback penalty: 2.7, Delay: 15.0, Queue: 15.0, Fairness: 38.8."
203.0,ambulance,PLAN_A,116.94,116.94,116.94,16.0,16.0,2.4,41.16,0.0,116.94,"Selected Current Safe Timing (PLAN_A): Lowest valid score (116.9). Spillback penalty: 2.4, Delay: 16.0, Queue: 16.0, Fairness: 41.2."
204.0,ambulance,PLAN_A,120.84,120.84,120.84,16.0,16.0,2.5,43.56,0.0,120.84,"Selected Current Safe Timing (PLAN_A): Lowest valid score (120.8). Spillback penalty: 2.5, Delay: 16.0, Queue: 16.0, Fairness: 43.6."
205.0,ambulance,PLAN_A,124.14,124.14,124.14,16.0,16.0,2.4,45.96,0.0,124.14,"Selected Current Safe Timing (PLAN_A): Lowest valid score (124.1). Spillback penalty: 2.4, Delay: 16.0, Queue: 16.0, Fairness: 46.0."
206.0,ambulance,PLAN_A,134.34,134.34,134.34,18.0,18.0,2.6,48.36,0.0,134.34,"Selected Current Safe Timing (PLAN_A): Lowest valid score (134.3). Spillback penalty: 2.6, Delay: 18.0, Queue: 18.0, Fairness: 48.4."
207.0,ambulance,PLAN_A,136.53,136.53,136.53,18.0,18.0,2.7,49.62,0.0,136.53,"Selected Current Safe Timing (PLAN_A): Lowest valid score (136.5). Spillback penalty: 2.7, Delay: 18.0, Queue: 18.0, Fairness: 49.6."
208.0,ambulance,PLAN_A,141.21,141.21,141.21,20.0,20.0,1.64,50.86,0.0,141.21,"Selected Current Safe Timing (PLAN_A): Lowest valid score (141.2). Spillback penalty: 1.6, Delay: 20.0, Queue: 20.0, Fairness: 50.9."
209.0,ambulance,PLAN_A,142.81,142.81,142.81,20.0,20.0,1.74,51.73,0.0,142.81,"Selected Current Safe Timing (PLAN_A): Lowest valid score (142.8). Spillback penalty: 1.7, Delay: 20.0, Queue: 20.0, Fairness: 51.7."
210.0,ambulance,PLAN_A,152.12,152.12,152.12,22.0,22.0,1.64,54.13,0.0,152.12,"Selected Current Safe Timing (PLAN_A): Lowest valid score (152.1). Spillback penalty: 1.6, Delay: 22.0, Queue: 22.0, Fairness: 54.1."
211.0,ambulance,PLAN_A,159.59,159.59,159.59,23.0,23.0,1.93,56.53,0.0,159.59,"Selected Current Safe Timing (PLAN_A): Lowest valid score (159.6). Spillback penalty: 1.9, Delay: 23.0, Queue: 23.0, Fairness: 56.5."
212.0,ambulance,PLAN_A,162.07,162.07,162.07,23.0,23.0,2.12,57.81,0.0,162.07,"Selected Current Safe Timing (PLAN_A): Lowest valid score (162.1). Spillback penalty: 2.1, Delay: 23.0, Queue: 23.0, Fairness: 57.8."
213.0,ambulance,PLAN_B,155.46,150.46,155.46,17.0,22.0,2.22,55.2,0.0,150.46,"Selected Bounded Green Extension (PLAN_B): Lowest valid score (150.5). Spillback penalty: 2.2, Delay: 17.0, Queue: 22.0, Fairness: 55.2."
214.0,ambulance,PLAN_B,151.37,147.37,151.37,18.0,22.0,2.22,52.47,0.0,147.37,"Selected Bounded Green Extension (PLAN_B): Lowest valid score (147.4). Spillback penalty: 2.2, Delay: 18.0, Queue: 22.0, Fairness: 52.5."
215.0,ambulance,PLAN_B,140.2,138.2,140.2,19.0,21.0,2.32,46.83,0.0,138.2,"Selected Bounded Green Extension (PLAN_B): Lowest valid score (138.2). Spillback penalty: 2.3, Delay: 19.0, Queue: 21.0, Fairness: 46.8."
216.0,ambulance,PLAN_A,125.67,125.67,125.67,21.0,21.0,2.31,37.16,0.0,125.67,"Selected Current Safe Timing (PLAN_A): Lowest valid score (125.7). Spillback penalty: 2.3, Delay: 21.0, Queue: 21.0, Fairness: 37.2."
217.0,ambulance,PLAN_A,119.47,119.47,119.47,19.0,19.0,2.31,37.03,0.0,119.47,"Selected Current Safe Timing (PLAN_A): Lowest valid score (119.5). Spillback penalty: 2.3, Delay: 19.0, Queue: 19.0, Fairness: 37.0."
218.0,ambulance,PLAN_A,121.91,121.91,121.91,19.0,19.0,2.32,38.63,0.0,121.91,"Selected Current Safe Timing (PLAN_A): Lowest valid score (121.9). Spillback penalty: 2.3, Delay: 19.0, Queue: 19.0, Fairness: 38.6."
219.0,ambulance,PLAN_A,132.13,132.13,132.13,22.0,22.0,1.93,40.23,0.0,132.13,"Selected Current Safe Timing (PLAN_A): Lowest valid score (132.1). Spillback penalty: 1.9, Delay: 22.0, Queue: 22.0, Fairness: 40.2."
220.0,ambulance,PLAN_A,141.25,141.25,141.25,24.0,24.0,2.17,41.83,0.0,141.25,"Selected Current Safe Timing (PLAN_A): Lowest valid score (141.2). Spillback penalty: 2.2, Delay: 24.0, Queue: 24.0, Fairness: 41.8."
221.0,ambulance,PLAN_A,141.16,141.16,141.16,24.0,24.0,1.98,42.15,0.0,141.16,"Selected Current Safe Timing (PLAN_A): Lowest valid score (141.2). Spillback penalty: 2.0, Delay: 24.0, Queue: 24.0, Fairness: 42.1."
222.0,ambulance,PLAN_A,149.44,149.44,149.44,26.0,26.0,1.98,43.67,0.0,149.44,"Selected Current Safe Timing (PLAN_A): Lowest valid score (149.4). Spillback penalty: 2.0, Delay: 26.0, Queue: 26.0, Fairness: 43.7."
223.0,ambulance,PLAN_A,157.84,157.84,157.84,28.0,28.0,1.98,45.27,0.0,157.84,"Selected Current Safe Timing (PLAN_A): Lowest valid score (157.8). Spillback penalty: 2.0, Delay: 28.0, Queue: 28.0, Fairness: 45.3."
224.0,ambulance,PLAN_A,154.31,154.31,154.31,28.0,28.0,0.0,46.87,0.0,154.31,"Selected Current Safe Timing (PLAN_A): Lowest valid score (154.3). Spillback penalty: 0.0, Delay: 28.0, Queue: 28.0, Fairness: 46.9."
225.0,ambulance,PLAN_A,156.7,156.7,156.7,28.0,28.0,0.0,48.47,0.0,156.7,"Selected Current Safe Timing (PLAN_A): Lowest valid score (156.7). Spillback penalty: 0.0, Delay: 28.0, Queue: 28.0, Fairness: 48.5."
226.0,ambulance,PLAN_A,159.11,159.11,159.11,28.0,28.0,0.0,50.07,0.0,159.11,"Selected Current Safe Timing (PLAN_A): Lowest valid score (159.1). Spillback penalty: 0.0, Delay: 28.0, Queue: 28.0, Fairness: 50.1."
227.0,ambulance,PLAN_A,157.57,157.57,157.57,28.0,28.0,0.0,49.05,0.0,157.57,"Selected Current Safe Timing (PLAN_A): Lowest valid score (157.6). Spillback penalty: 0.0, Delay: 28.0, Queue: 28.0, Fairness: 49.0."
228.0,ambulance,PLAN_A,162.8,162.8,162.8,29.0,29.0,0.0,50.53,0.0,162.8,"Selected Current Safe Timing (PLAN_A): Lowest valid score (162.8). Spillback penalty: 0.0, Delay: 29.0, Queue: 29.0, Fairness: 50.5."
229.0,ambulance,PLAN_B,143.36,133.36,143.36,17.0,27.0,0.0,41.57,0.0,133.36,"Selected Bounded Green Extension (PLAN_B): Lowest valid score (133.4). Spillback penalty: 0.0, Delay: 17.0, Queue: 27.0, Fairness: 41.6."
230.0,ambulance,PLAN_B,122.1,116.1,122.1,20.0,26.0,0.0,29.4,0.0,116.1,"Selected Bounded Green Extension (PLAN_B): Lowest valid score (116.1). Spillback penalty: 0.0, Delay: 20.0, Queue: 26.0, Fairness: 29.4."
231.0,ambulance,PLAN_B,122.59,119.59,122.59,25.0,28.0,0.0,25.73,0.0,119.59,"Selected Bounded Green Extension (PLAN_B): Lowest valid score (119.6). Spillback penalty: 0.0, Delay: 25.0, Queue: 28.0, Fairness: 25.7."
232.0,ambulance,PLAN_A,101.4,101.4,101.4,26.0,26.0,0.0,15.6,0.0,101.4,"Selected Current Safe Timing (PLAN_A): Lowest valid score (101.4). Spillback penalty: 0.0, Delay: 26.0, Queue: 26.0, Fairness: 15.6."
233.0,ambulance,PLAN_A,92.1,92.1,92.1,28.0,28.0,0.0,5.4,0.0,92.1,"Selected Current Safe Timing (PLAN_A): Lowest valid score (92.1). Spillback penalty: 0.0, Delay: 28.0, Queue: 28.0, Fairness: 5.4."
234.0,ambulance,PLAN_A,87.0,87.0,87.0,29.0,29.0,0.0,0.0,0.0,87.0,"Selected Current Safe Timing (PLAN_A): Lowest valid score (87.0). Spillback penalty: 0.0, Delay: 29.0, Queue: 29.0, Fairness: 0.0."
235.0,ambulance,PLAN_A,87.0,87.0,87.0,29.0,29.0,0.0,0.0,0.0,87.0,"Selected Current Safe Timing (PLAN_A): Lowest valid score (87.0). Spillback penalty: 0.0, Delay: 29.0, Queue: 29.0, Fairness: 0.0."
236.0,ambulance,PLAN_A,93.0,93.0,93.0,31.0,31.0,0.0,0.0,0.0,93.0,"Selected Current Safe Timing (PLAN_A): Lowest valid score (93.0). Spillback penalty: 0.0, Delay: 31.0, Queue: 31.0, Fairness: 0.0."
237.0,ambulance,PLAN_A,99.0,99.0,99.0,33.0,33.0,0.0,0.0,0.0,99.0,"Selected Current Safe Timing (PLAN_A): Lowest valid score (99.0). Spillback penalty: 0.0, Delay: 33.0, Queue: 33.0, Fairness: 0.0."
238.0,ambulance,PLAN_A,99.0,99.0,99.0,33.0,33.0,0.0,0.0,0.0,99.0,"Selected Current Safe Timing (PLAN_A): Lowest valid score (99.0). Spillback penalty: 0.0, Delay: 33.0, Queue: 33.0, Fairness: 0.0."
239.0,ambulance,PLAN_A,102.0,102.0,102.0,34.0,34.0,0.0,0.0,0.0,102.0,"Selected Current Safe Timing (PLAN_A): Lowest valid score (102.0). Spillback penalty: 0.0, Delay: 34.0, Queue: 34.0, Fairness: 0.0."
240.0,ambulance,PLAN_A,102.0,102.0,102.0,34.0,34.0,0.0,0.0,0.0,102.0,"Selected Current Safe Timing (PLAN_A): Lowest valid score (102.0). Spillback penalty: 0.0, Delay: 34.0, Queue: 34.0, Fairness: 0.0."
241.0,ambulance,PLAN_A,102.0,102.0,102.0,34.0,34.0,0.0,0.0,0.0,102.0,"Selected Current Safe Timing (PLAN_A): Lowest valid score (102.0). Spillback penalty: 0.0, Delay: 34.0, Queue: 34.0, Fairness: 0.0."
242.0,ambulance,PLAN_A,105.0,105.0,105.0,35.0,35.0,0.0,0.0,0.0,105.0,"Selected Current Safe Timing (PLAN_A): Lowest valid score (105.0). Spillback penalty: 0.0, Delay: 35.0, Queue: 35.0, Fairness: 0.0."
243.0,ambulance,PLAN_A,108.0,108.0,108.0,36.0,36.0,0.0,0.0,0.0,108.0,"Selected Current Safe Timing (PLAN_A): Lowest valid score (108.0). Spillback penalty: 0.0, Delay: 36.0, Queue: 36.0, Fairness: 0.0."
244.0,ambulance,PLAN_A,111.0,111.0,111.0,37.0,37.0,0.0,0.0,0.0,111.0,"Selected Current Safe Timing (PLAN_A): Lowest valid score (111.0). Spillback penalty: 0.0, Delay: 37.0, Queue: 37.0, Fairness: 0.0."
245.0,ambulance,PLAN_B,99.6,88.6,99.6,22.0,33.0,0.2,0.0,0.0,88.6,"Selected Bounded Green Extension (PLAN_B): Lowest valid score (88.6). Spillback penalty: 0.2, Delay: 22.0, Queue: 33.0, Fairness: 0.0."
246.0,ambulance,PLAN_B,93.6,84.6,93.6,22.0,31.0,0.2,0.0,0.0,84.6,"Selected Bounded Green Extension (PLAN_B): Lowest valid score (84.6). Spillback penalty: 0.2, Delay: 22.0, Queue: 31.0, Fairness: 0.0."
247.0,ambulance,PLAN_B,91.8,85.8,91.8,24.0,30.0,0.2,0.8,0.0,85.8,"Selected Bounded Green Extension (PLAN_B): Lowest valid score (85.8). Spillback penalty: 0.2, Delay: 24.0, Queue: 30.0, Fairness: 0.8."
248.0,ambulance,PLAN_B,87.57,83.57,87.57,24.0,28.0,0.39,1.6,0.0,83.57,"Selected Bounded Green Extension (PLAN_B): Lowest valid score (83.6). Spillback penalty: 0.4, Delay: 24.0, Queue: 28.0, Fairness: 1.6."
249.0,ambulance,PLAN_B,85.17,84.17,85.17,26.0,27.0,0.39,2.0,0.0,84.17,"Selected Bounded Green Extension (PLAN_B): Lowest valid score (84.2). Spillback penalty: 0.4, Delay: 26.0, Queue: 27.0, Fairness: 2.0."
250.0,ambulance,PLAN_A,80.34,80.34,80.34,25.0,25.0,0.58,2.4,0.0,80.34,"Selected Current Safe Timing (PLAN_A): Lowest valid score (80.3). Spillback penalty: 0.6, Delay: 25.0, Queue: 25.0, Fairness: 2.4."
251.0,ambulance,PLAN_A,81.54,81.54,81.54,25.0,25.0,0.58,3.2,0.0,81.54,"Selected Current Safe Timing (PLAN_A): Lowest valid score (81.5). Spillback penalty: 0.6, Delay: 25.0, Queue: 25.0, Fairness: 3.2."
252.0,ambulance,PLAN_A,83.31,83.31,83.31,25.0,25.0,0.77,4.0,0.0,83.31,"Selected Current Safe Timing (PLAN_A): Lowest valid score (83.3). Spillback penalty: 0.8, Delay: 25.0, Queue: 25.0, Fairness: 4.0."
253.0,ambulance,PLAN_A,84.51,84.51,84.51,25.0,25.0,0.77,4.8,0.0,84.51,"Selected Current Safe Timing (PLAN_A): Lowest valid score (84.5). Spillback penalty: 0.8, Delay: 25.0, Queue: 25.0, Fairness: 4.8."
254.0,ambulance,PLAN_A,89.28,89.28,89.28,26.0,26.0,0.96,5.6,0.0,89.28,"Selected Current Safe Timing (PLAN_A): Lowest valid score (89.3). Spillback penalty: 1.0, Delay: 26.0, Queue: 26.0, Fairness: 5.6."
255.0,ambulance,PLAN_A,92.58,92.58,92.58,27.0,27.0,0.96,5.8,0.0,92.58,"Selected Current Safe Timing (PLAN_A): Lowest valid score (92.6). Spillback penalty: 1.0, Delay: 27.0, Queue: 27.0, Fairness: 5.8."
256.0,ambulance,PLAN_A,97.35,97.35,97.35,28.0,28.0,1.15,6.6,0.0,97.35,"Selected Current Safe Timing (PLAN_A): Lowest valid score (97.3). Spillback penalty: 1.1, Delay: 28.0, Queue: 28.0, Fairness: 6.6."
257.0,ambulance,PLAN_A,98.55,98.55,98.55,28.0,28.0,1.15,7.4,0.0,98.55,"Selected Current Safe Timing (PLAN_A): Lowest valid score (98.5). Spillback penalty: 1.1, Delay: 28.0, Queue: 28.0, Fairness: 7.4."
258.0,ambulance,PLAN_A,100.32,100.32,100.32,28.0,28.0,1.34,8.2,0.0,100.32,"Selected Current Safe Timing (PLAN_A): Lowest valid score (100.3). Spillback penalty: 1.3, Delay: 28.0, Queue: 28.0, Fairness: 8.2."
259.0,ambulance,PLAN_B,91.38,85.38,91.38,19.0,25.0,1.34,8.24,0.0,85.38,"Selected Bounded Green Extension (PLAN_B): Lowest valid score (85.4). Spillback penalty: 1.3, Delay: 19.0, Queue: 25.0, Fairness: 8.2."
260.0,ambulance,PLAN_B,95.85,91.85,95.85,22.0,26.0,1.43,9.04,0.0,91.85,"Selected Bounded Green Extension (PLAN_B): Lowest valid score (91.8). Spillback penalty: 1.4, Delay: 22.0, Queue: 26.0, Fairness: 9.0."
261.0,ambulance,PLAN_A,91.05,91.05,91.05,24.0,24.0,1.43,9.84,0.0,91.05,"Selected Current Safe Timing (PLAN_A): Lowest valid score (91.0). Spillback penalty: 1.4, Delay: 24.0, Queue: 24.0, Fairness: 9.8."
262.0,ambulance,PLAN_A,85.48,85.48,85.48,22.0,22.0,1.53,9.93,0.0,85.48,"Selected Current Safe Timing (PLAN_A): Lowest valid score (85.5). Spillback penalty: 1.5, Delay: 22.0, Queue: 22.0, Fairness: 9.9."
263.0,ambulance,PLAN_A,87.22,87.22,87.22,22.0,22.0,1.74,10.67,0.0,87.22,"Selected Current Safe Timing (PLAN_A): Lowest valid score (87.2). Spillback penalty: 1.7, Delay: 22.0, Queue: 22.0, Fairness: 10.7."
264.0,ambulance,PLAN_A,92.27,92.27,92.27,23.0,23.0,2.02,11.47,0.0,92.27,"Selected Current Safe Timing (PLAN_A): Lowest valid score (92.3). Spillback penalty: 2.0, Delay: 23.0, Queue: 23.0, Fairness: 11.5."
265.0,ambulance,PLAN_A,97.4,97.4,97.4,24.0,24.0,1.93,13.07,0.0,97.4,"Selected Current Safe Timing (PLAN_A): Lowest valid score (97.4). Spillback penalty: 1.9, Delay: 24.0, Queue: 24.0, Fairness: 13.1."
266.0,ambulance,PLAN_A,100.06,100.06,100.06,24.0,24.0,2.02,14.67,0.0,100.06,"Selected Current Safe Timing (PLAN_A): Lowest valid score (100.1). Spillback penalty: 2.0, Delay: 24.0, Queue: 24.0, Fairness: 14.7."
267.0,ambulance,PLAN_A,102.17,102.17,102.17,24.0,24.0,1.92,16.27,0.0,102.17,"Selected Current Safe Timing (PLAN_A): Lowest valid score (102.2). Spillback penalty: 1.9, Delay: 24.0, Queue: 24.0, Fairness: 16.3."
268.0,ambulance,PLAN_A,107.5,107.5,107.5,25.0,25.0,1.9,17.87,0.0,107.5,"Selected Current Safe Timing (PLAN_A): Lowest valid score (107.5). Spillback penalty: 1.9, Delay: 25.0, Queue: 25.0, Fairness: 17.9."
269.0,ambulance,PLAN_A,109.91,109.91,109.91,25.0,25.0,1.9,19.47,0.0,109.91,"Selected Current Safe Timing (PLAN_A): Lowest valid score (109.9). Spillback penalty: 1.9, Delay: 25.0, Queue: 25.0, Fairness: 19.5."
270.0,ambulance,PLAN_A,112.28,112.28,112.28,25.0,25.0,1.89,21.07,0.0,112.28,"Selected Current Safe Timing (PLAN_A): Lowest valid score (112.3). Spillback penalty: 1.9, Delay: 25.0, Queue: 25.0, Fairness: 21.1."
271.0,ambulance,PLAN_A,119.17,119.17,119.17,27.0,27.0,1.99,21.47,0.0,119.17,"Selected Current Safe Timing (PLAN_A): Lowest valid score (119.2). Spillback penalty: 2.0, Delay: 27.0, Queue: 27.0, Fairness: 21.5."
272.0,ambulance,PLAN_A,122.94,122.94,122.94,28.0,28.0,1.98,22.0,0.0,122.94,"Selected Current Safe Timing (PLAN_A): Lowest valid score (122.9). Spillback penalty: 2.0, Delay: 28.0, Queue: 28.0, Fairness: 22.0."
273.0,ambulance,PLAN_A,127.33,127.33,127.33,29.0,29.0,2.07,22.75,0.0,127.33,"Selected Current Safe Timing (PLAN_A): Lowest valid score (127.3). Spillback penalty: 2.1, Delay: 29.0, Queue: 29.0, Fairness: 22.8."
274.0,ambulance,PLAN_A,132.71,132.71,132.71,30.0,30.0,2.06,24.35,0.0,132.71,"Selected Current Safe Timing (PLAN_A): Lowest valid score (132.7). Spillback penalty: 2.1, Delay: 30.0, Queue: 30.0, Fairness: 24.4."
275.0,ambulance,PLAN_B,120.28,106.28,120.28,10.0,24.0,3.12,25.95,0.0,106.28,"Selected Bounded Green Extension (PLAN_B): Lowest valid score (106.3). Spillback penalty: 3.1, Delay: 10.0, Queue: 24.0, Fairness: 25.9."
276.0,ambulance,PLAN_B,112.68,103.68,112.68,12.0,21.0,2.78,27.56,0.0,103.68,"Selected Bounded Green Extension (PLAN_B): Lowest valid score (103.7). Spillback penalty: 2.8, Delay: 12.0, Queue: 21.0, Fairness: 27.6."
277.0,ambulance,PLAN_B,110.1,104.1,110.1,13.0,19.0,2.72,29.96,0.0,104.1,"Selected Bounded Green Extension (PLAN_B): Lowest valid score (104.1). Spillback penalty: 2.7, Delay: 13.0, Queue: 19.0, Fairness: 30.0."
278.0,ambulance,PLAN_B,101.97,99.97,101.97,13.0,15.0,2.81,32.36,0.0,99.97,"Selected Bounded Green Extension (PLAN_B): Lowest valid score (100.0). Spillback penalty: 2.8, Delay: 13.0, Queue: 15.0, Fairness: 32.4."
279.0,ambulance,PLAN_A,97.56,97.56,97.56,13.0,13.0,2.9,33.24,0.0,97.56,"Selected Current Safe Timing (PLAN_A): Lowest valid score (97.6). Spillback penalty: 2.9, Delay: 13.0, Queue: 13.0, Fairness: 33.2."
280.0,ambulance,PLAN_A,106.5,106.5,106.5,14.0,14.0,3.38,36.24,0.0,106.5,"Selected Current Safe Timing (PLAN_A): Lowest valid score (106.5). Spillback penalty: 3.4, Delay: 14.0, Queue: 14.0, Fairness: 36.2."
281.0,ambulance,PLAN_A,112.72,112.72,112.72,15.0,15.0,3.09,38.97,0.0,112.72,"Selected Current Safe Timing (PLAN_A): Lowest valid score (112.7). Spillback penalty: 3.1, Delay: 15.0, Queue: 15.0, Fairness: 39.0."
282.0,ambulance,PLAN_A,119.44,119.44,119.44,16.0,16.0,3.26,41.11,0.0,119.44,"Selected Current Safe Timing (PLAN_A): Lowest valid score (119.4). Spillback penalty: 3.3, Delay: 16.0, Queue: 16.0, Fairness: 41.1."
283.0,ambulance,PLAN_A,124.48,124.48,124.48,16.0,16.0,3.54,43.91,0.0,124.48,"Selected Current Safe Timing (PLAN_A): Lowest valid score (124.5). Spillback penalty: 3.5, Delay: 16.0, Queue: 16.0, Fairness: 43.9."
284.0,ambulance,PLAN_A,135.17,135.17,135.17,18.0,18.0,3.54,47.03,0.0,135.17,"Selected Current Safe Timing (PLAN_A): Lowest valid score (135.2). Spillback penalty: 3.5, Delay: 18.0, Queue: 18.0, Fairness: 47.0."
285.0,ambulance,PLAN_A,140.69,140.69,140.69,18.0,18.0,3.82,50.15,0.0,140.69,"Selected Current Safe Timing (PLAN_A): Lowest valid score (140.7). Spillback penalty: 3.8, Delay: 18.0, Queue: 18.0, Fairness: 50.1."
286.0,ambulance,PLAN_A,147.19,147.19,147.19,20.0,20.0,2.74,52.65,0.0,147.19,"Selected Current Safe Timing (PLAN_A): Lowest valid score (147.2). Spillback penalty: 2.7, Delay: 20.0, Queue: 20.0, Fairness: 52.6."
287.0,ambulance,PLAN_A,152.26,152.26,152.26,20.0,20.0,2.83,55.85,0.0,152.26,"Selected Current Safe Timing (PLAN_A): Lowest valid score (152.3). Spillback penalty: 2.8, Delay: 20.0, Queue: 20.0, Fairness: 55.9."
288.0,ambulance,PLAN_A,157.57,157.57,157.57,20.0,20.0,3.0,59.05,0.0,157.57,"Selected Current Safe Timing (PLAN_A): Lowest valid score (157.6). Spillback penalty: 3.0, Delay: 20.0, Queue: 20.0, Fairness: 59.0."
289.0,ambulance,PLAN_A,161.59,161.59,161.59,20.0,20.0,3.1,61.53,0.0,161.59,"Selected Current Safe Timing (PLAN_A): Lowest valid score (161.6). Spillback penalty: 3.1, Delay: 20.0, Queue: 20.0, Fairness: 61.5."
290.0,ambulance,PLAN_A,162.01,162.01,162.01,20.0,20.0,3.19,61.63,0.0,162.01,"Selected Current Safe Timing (PLAN_A): Lowest valid score (162.0). Spillback penalty: 3.2, Delay: 20.0, Queue: 20.0, Fairness: 61.6."
291.0,ambulance,PLAN_B,160.56,149.56,160.56,8.0,19.0,3.28,62.48,0.0,149.56,"Selected Bounded Green Extension (PLAN_B): Lowest valid score (149.6). Spillback penalty: 3.3, Delay: 8.0, Queue: 19.0, Fairness: 62.5."
292.0,ambulance,PLAN_B,149.29,140.29,149.29,8.0,17.0,3.08,59.37,0.0,140.29,"Selected Bounded Green Extension (PLAN_B): Lowest valid score (140.3). Spillback penalty: 3.1, Delay: 8.0, Queue: 17.0, Fairness: 59.4."
293.0,ambulance,PLAN_B,144.87,137.87,144.87,9.0,16.0,3.26,58.06,0.0,137.87,"Selected Bounded Green Extension (PLAN_B): Lowest valid score (137.9). Spillback penalty: 3.3, Delay: 9.0, Queue: 16.0, Fairness: 58.1."
294.0,ambulance,PLAN_B,139.53,133.53,139.53,11.0,17.0,3.16,52.7,0.0,133.53,"Selected Bounded Green Extension (PLAN_B): Lowest valid score (133.5). Spillback penalty: 3.2, Delay: 11.0, Queue: 17.0, Fairness: 52.7."
295.0,ambulance,PLAN_B,138.42,133.42,138.42,11.0,16.0,3.15,53.98,0.0,133.42,"Selected Bounded Green Extension (PLAN_B): Lowest valid score (133.4). Spillback penalty: 3.1, Delay: 11.0, Queue: 16.0, Fairness: 54.0."
296.0,ambulance,PLAN_B,138.18,134.18,138.18,11.0,15.0,3.25,55.62,0.0,134.18,"Selected Bounded Green Extension (PLAN_B): Lowest valid score (134.2). Spillback penalty: 3.2, Delay: 11.0, Queue: 15.0, Fairness: 55.6."
297.0,ambulance,PLAN_B,134.97,131.97,134.97,11.0,14.0,3.05,55.88,0.0,131.97,"Selected Bounded Green Extension (PLAN_B): Lowest valid score (132.0). Spillback penalty: 3.0, Delay: 11.0, Queue: 14.0, Fairness: 55.9."
298.0,ambulance,PLAN_A,133.34,133.34,133.34,13.0,13.0,3.33,56.23,0.0,133.34,"Selected Current Safe Timing (PLAN_A): Lowest valid score (133.3). Spillback penalty: 3.3, Delay: 13.0, Queue: 13.0, Fairness: 56.2."
299.0,ambulance,PLAN_A,132.17,132.17,132.17,13.0,13.0,3.04,56.03,0.0,132.17,"Selected Current Safe Timing (PLAN_A): Lowest valid score (132.2). Spillback penalty: 3.0, Delay: 13.0, Queue: 13.0, Fairness: 56.0."
300.0,ambulance,PLAN_A,135.76,135.76,135.76,13.0,13.0,2.74,59.03,0.0,135.76,"Selected Current Safe Timing (PLAN_A): Lowest valid score (135.8). Spillback penalty: 2.7, Delay: 13.0, Queue: 13.0, Fairness: 59.0."
301.0,ambulance,PLAN_A,125.28,125.28,125.28,12.0,12.0,2.54,54.44,0.0,125.28,"Selected Current Safe Timing (PLAN_A): Lowest valid score (125.3). Spillback penalty: 2.5, Delay: 12.0, Queue: 12.0, Fairness: 54.4."
302.0,ambulance,PLAN_A,131.61,131.61,131.61,13.0,13.0,2.45,56.84,0.0,131.61,"Selected Current Safe Timing (PLAN_A): Lowest valid score (131.6). Spillback penalty: 2.5, Delay: 13.0, Queue: 13.0, Fairness: 56.8."
303.0,ambulance,PLAN_A,138.18,138.18,138.18,14.0,14.0,2.44,59.24,0.0,138.18,"Selected Current Safe Timing (PLAN_A): Lowest valid score (138.2). Spillback penalty: 2.4, Delay: 14.0, Queue: 14.0, Fairness: 59.2."
304.0,ambulance,PLAN_A,141.78,141.78,141.78,14.0,14.0,2.44,61.64,0.0,141.78,"Selected Current Safe Timing (PLAN_A): Lowest valid score (141.8). Spillback penalty: 2.4, Delay: 14.0, Queue: 14.0, Fairness: 61.6."
305.0,ambulance,PLAN_A,114.53,114.53,114.53,13.0,13.0,2.14,46.07,0.0,114.53,"Selected Current Safe Timing (PLAN_A): Lowest valid score (114.5). Spillback penalty: 2.1, Delay: 13.0, Queue: 13.0, Fairness: 46.1."
306.0,ambulance,PLAN_A,119.1,119.1,119.1,14.0,14.0,2.13,47.14,0.0,119.1,"Selected Current Safe Timing (PLAN_A): Lowest valid score (119.1). Spillback penalty: 2.1, Delay: 14.0, Queue: 14.0, Fairness: 47.1."
307.0,ambulance,PLAN_A,107.43,107.43,107.43,14.0,14.0,2.04,39.54,0.0,107.43,"Selected Current Safe Timing (PLAN_A): Lowest valid score (107.4). Spillback penalty: 2.0, Delay: 14.0, Queue: 14.0, Fairness: 39.5."
308.0,ambulance,PLAN_A,104.88,104.88,104.88,14.0,14.0,1.94,38.04,0.0,104.88,"Selected Current Safe Timing (PLAN_A): Lowest valid score (104.9). Spillback penalty: 1.9, Delay: 14.0, Queue: 14.0, Fairness: 38.0."
309.0,ambulance,PLAN_A,107.13,107.13,107.13,14.0,14.0,1.94,39.54,0.0,107.13,"Selected Current Safe Timing (PLAN_A): Lowest valid score (107.1). Spillback penalty: 1.9, Delay: 14.0, Queue: 14.0, Fairness: 39.5."
310.0,ambulance,PLAN_A,116.76,116.76,116.76,17.0,17.0,1.92,40.0,0.0,116.76,"Selected Current Safe Timing (PLAN_A): Lowest valid score (116.8). Spillback penalty: 1.9, Delay: 17.0, Queue: 17.0, Fairness: 40.0."
311.0,ambulance,PLAN_A,122.7,122.7,122.7,18.0,18.0,2.1,41.6,0.0,122.7,"Selected Current Safe Timing (PLAN_A): Lowest valid score (122.7). Spillback penalty: 2.1, Delay: 18.0, Queue: 18.0, Fairness: 41.6."
312.0,ambulance,PLAN_A,127.8,127.8,127.8,19.0,19.0,2.0,43.2,0.0,127.8,"Selected Current Safe Timing (PLAN_A): Lowest valid score (127.8). Spillback penalty: 2.0, Delay: 19.0, Queue: 19.0, Fairness: 43.2."
313.0,ambulance,PLAN_A,130.2,130.2,130.2,19.0,19.0,2.0,44.8,0.0,130.2,"Selected Current Safe Timing (PLAN_A): Lowest valid score (130.2). Spillback penalty: 2.0, Delay: 19.0, Queue: 19.0, Fairness: 44.8."
314.0,ambulance,PLAN_A,132.0,132.0,132.0,19.0,19.0,1.8,46.4,0.0,132.0,"Selected Current Safe Timing (PLAN_A): Lowest valid score (132.0). Spillback penalty: 1.8, Delay: 19.0, Queue: 19.0, Fairness: 46.4."
315.0,ambulance,PLAN_A,134.4,134.4,134.4,19.0,19.0,1.8,48.0,0.0,134.4,"Selected Current Safe Timing (PLAN_A): Lowest valid score (134.4). Spillback penalty: 1.8, Delay: 19.0, Queue: 19.0, Fairness: 48.0."
316.0,ambulance,PLAN_A,131.4,131.4,131.4,19.0,19.0,0.0,49.6,0.0,131.4,"Selected Current Safe Timing (PLAN_A): Lowest valid score (131.4). Spillback penalty: 0.0, Delay: 19.0, Queue: 19.0, Fairness: 49.6."
317.0,ambulance,PLAN_A,133.8,133.8,133.8,19.0,19.0,0.0,51.2,0.0,133.8,"Selected Current Safe Timing (PLAN_A): Lowest valid score (133.8). Spillback penalty: 0.0, Delay: 19.0, Queue: 19.0, Fairness: 51.2."
318.0,ambulance,PLAN_A,136.2,136.2,136.2,19.0,19.0,0.0,52.8,0.0,136.2,"Selected Current Safe Timing (PLAN_A): Lowest valid score (136.2). Spillback penalty: 0.0, Delay: 19.0, Queue: 19.0, Fairness: 52.8."
319.0,ambulance,PLAN_A,144.6,144.6,144.6,21.0,21.0,0.0,54.4,0.0,144.6,"Selected Current Safe Timing (PLAN_A): Lowest valid score (144.6). Spillback penalty: 0.0, Delay: 21.0, Queue: 21.0, Fairness: 54.4."
320.0,ambulance,PLAN_A,153.0,153.0,153.0,23.0,23.0,0.0,56.0,0.0,153.0,"Selected Current Safe Timing (PLAN_A): Lowest valid score (153.0). Spillback penalty: 0.0, Delay: 23.0, Queue: 23.0, Fairness: 56.0."
321.0,ambulance,PLAN_B,120.6,114.6,120.6,14.0,20.0,0.0,40.4,0.0,114.6,"Selected Bounded Green Extension (PLAN_B): Lowest valid score (114.6). Spillback penalty: 0.0, Delay: 14.0, Queue: 20.0, Fairness: 40.4."
322.0,ambulance,PLAN_B,113.4,108.4,113.4,14.0,19.0,0.0,37.6,0.0,108.4,"Selected Bounded Green Extension (PLAN_B): Lowest valid score (108.4). Spillback penalty: 0.0, Delay: 14.0, Queue: 19.0, Fairness: 37.6."
323.0,ambulance,PLAN_B,93.0,89.0,93.0,14.0,18.0,0.0,26.0,0.0,89.0,"Selected Bounded Green Extension (PLAN_B): Lowest valid score (89.0). Spillback penalty: 0.0, Delay: 14.0, Queue: 18.0, Fairness: 26.0."
324.0,ambulance,PLAN_B,96.75,93.75,96.75,17.0,20.0,0.0,24.5,0.0,93.75,"Selected Bounded Green Extension (PLAN_B): Lowest valid score (93.8). Spillback penalty: 0.0, Delay: 17.0, Queue: 20.0, Fairness: 24.5."
325.0,ambulance,PLAN_B,92.81,91.81,92.81,21.0,22.0,0.0,17.87,0.0,91.81,"Selected Bounded Green Extension (PLAN_B): Lowest valid score (91.8). Spillback penalty: 0.0, Delay: 21.0, Queue: 22.0, Fairness: 17.9."
326.0,ambulance,PLAN_A,92.59,92.59,92.59,24.0,24.0,0.0,13.73,0.0,92.59,"Selected Current Safe Timing (PLAN_A): Lowest valid score (92.6). Spillback penalty: 0.0, Delay: 24.0, Queue: 24.0, Fairness: 13.7."
327.0,ambulance,PLAN_A,78.6,78.6,78.6,25.0,25.0,0.0,2.4,0.0,78.6,"Selected Current Safe Timing (PLAN_A): Lowest valid score (78.6). Spillback penalty: 0.0, Delay: 25.0, Queue: 25.0, Fairness: 2.4."
328.0,ambulance,PLAN_A,75.0,75.0,75.0,25.0,25.0,0.0,0.0,0.0,75.0,"Selected Current Safe Timing (PLAN_A): Lowest valid score (75.0). Spillback penalty: 0.0, Delay: 25.0, Queue: 25.0, Fairness: 0.0."
329.0,ambulance,PLAN_A,75.0,75.0,75.0,25.0,25.0,0.0,0.0,0.0,75.0,"Selected Current Safe Timing (PLAN_A): Lowest valid score (75.0). Spillback penalty: 0.0, Delay: 25.0, Queue: 25.0, Fairness: 0.0."
330.0,ambulance,PLAN_A,78.0,78.0,78.0,26.0,26.0,0.0,0.0,0.0,78.0,"Selected Current Safe Timing (PLAN_A): Lowest valid score (78.0). Spillback penalty: 0.0, Delay: 26.0, Queue: 26.0, Fairness: 0.0."
331.0,ambulance,PLAN_A,78.0,78.0,78.0,26.0,26.0,0.0,0.0,0.0,78.0,"Selected Current Safe Timing (PLAN_A): Lowest valid score (78.0). Spillback penalty: 0.0, Delay: 26.0, Queue: 26.0, Fairness: 0.0."
332.0,ambulance,PLAN_A,84.0,84.0,84.0,28.0,28.0,0.0,0.0,0.0,84.0,"Selected Current Safe Timing (PLAN_A): Lowest valid score (84.0). Spillback penalty: 0.0, Delay: 28.0, Queue: 28.0, Fairness: 0.0."
333.0,ambulance,PLAN_A,90.0,90.0,90.0,30.0,30.0,0.0,0.0,0.0,90.0,"Selected Current Safe Timing (PLAN_A): Lowest valid score (90.0). Spillback penalty: 0.0, Delay: 30.0, Queue: 30.0, Fairness: 0.0."
334.0,ambulance,PLAN_A,90.0,90.0,90.0,30.0,30.0,0.0,0.0,0.0,90.0,"Selected Current Safe Timing (PLAN_A): Lowest valid score (90.0). Spillback penalty: 0.0, Delay: 30.0, Queue: 30.0, Fairness: 0.0."
335.0,ambulance,PLAN_A,90.0,90.0,90.0,30.0,30.0,0.0,0.0,0.0,90.0,"Selected Current Safe Timing (PLAN_A): Lowest valid score (90.0). Spillback penalty: 0.0, Delay: 30.0, Queue: 30.0, Fairness: 0.0."
336.0,ambulance,PLAN_A,96.0,96.0,96.0,32.0,32.0,0.0,0.0,0.0,96.0,"Selected Current Safe Timing (PLAN_A): Lowest valid score (96.0). Spillback penalty: 0.0, Delay: 32.0, Queue: 32.0, Fairness: 0.0."
337.0,ambulance,PLAN_B,85.44,82.44,85.44,25.0,28.0,0.48,0.0,0.0,82.44,"Selected Bounded Green Extension (PLAN_B): Lowest valid score (82.4). Spillback penalty: 0.5, Delay: 25.0, Queue: 28.0, Fairness: 0.0."
338.0,ambulance,PLAN_A,82.44,82.44,82.44,27.0,27.0,0.48,0.0,0.0,82.44,"Selected Current Safe Timing (PLAN_A): Lowest valid score (82.4). Spillback penalty: 0.5, Delay: 27.0, Queue: 27.0, Fairness: 0.0."
339.0,ambulance,PLAN_A,79.44,79.44,79.44,26.0,26.0,0.48,0.0,0.0,79.44,"Selected Current Safe Timing (PLAN_A): Lowest valid score (79.4). Spillback penalty: 0.5, Delay: 26.0, Queue: 26.0, Fairness: 0.0."
340.0,ambulance,PLAN_A,80.01,80.01,80.01,26.0,26.0,0.67,0.0,0.0,80.01,"Selected Current Safe Timing (PLAN_A): Lowest valid score (80.0). Spillback penalty: 0.7, Delay: 26.0, Queue: 26.0, Fairness: 0.0."
341.0,ambulance,PLAN_A,80.01,80.01,80.01,26.0,26.0,0.67,0.0,0.0,80.01,"Selected Current Safe Timing (PLAN_A): Lowest valid score (80.0). Spillback penalty: 0.7, Delay: 26.0, Queue: 26.0, Fairness: 0.0."
342.0,ambulance,PLAN_A,83.58,83.58,83.58,27.0,27.0,0.86,0.0,0.0,83.58,"Selected Current Safe Timing (PLAN_A): Lowest valid score (83.6). Spillback penalty: 0.9, Delay: 27.0, Queue: 27.0, Fairness: 0.0."
343.0,ambulance,PLAN_A,83.58,83.58,83.58,27.0,27.0,0.86,0.0,0.0,83.58,"Selected Current Safe Timing (PLAN_A): Lowest valid score (83.6). Spillback penalty: 0.9, Delay: 27.0, Queue: 27.0, Fairness: 0.0."
344.0,ambulance,PLAN_A,84.15,84.15,84.15,27.0,27.0,1.05,0.0,0.0,84.15,"Selected Current Safe Timing (PLAN_A): Lowest valid score (84.2). Spillback penalty: 1.1, Delay: 27.0, Queue: 27.0, Fairness: 0.0."
345.0,ambulance,PLAN_A,84.15,84.15,84.15,27.0,27.0,1.05,0.0,0.0,84.15,"Selected Current Safe Timing (PLAN_A): Lowest valid score (84.2). Spillback penalty: 1.1, Delay: 27.0, Queue: 27.0, Fairness: 0.0."
346.0,ambulance,PLAN_A,84.69,84.69,84.69,27.0,27.0,1.23,0.0,0.0,84.69,"Selected Current Safe Timing (PLAN_A): Lowest valid score (84.7). Spillback penalty: 1.2, Delay: 27.0, Queue: 27.0, Fairness: 0.0."
347.0,ambulance,PLAN_A,84.69,84.69,84.69,27.0,27.0,1.23,0.0,0.0,84.69,"Selected Current Safe Timing (PLAN_A): Lowest valid score (84.7). Spillback penalty: 1.2, Delay: 27.0, Queue: 27.0, Fairness: 0.0."
348.0,ambulance,PLAN_A,84.99,84.99,84.99,27.0,27.0,1.33,0.0,0.0,84.99,"Selected Current Safe Timing (PLAN_A): Lowest valid score (85.0). Spillback penalty: 1.3, Delay: 27.0, Queue: 27.0, Fairness: 0.0."
349.0,ambulance,PLAN_A,88.29,88.29,88.29,28.0,28.0,1.43,0.0,0.0,88.29,"Selected Current Safe Timing (PLAN_A): Lowest valid score (88.3). Spillback penalty: 1.4, Delay: 28.0, Queue: 28.0, Fairness: 0.0."
350.0,ambulance,PLAN_A,92.49,92.49,92.49,29.0,29.0,1.43,0.8,0.0,92.49,"Selected Current Safe Timing (PLAN_A): Lowest valid score (92.5). Spillback penalty: 1.4, Delay: 29.0, Queue: 29.0, Fairness: 0.8."
351.0,ambulance,PLAN_B,81.96,70.96,81.96,14.0,25.0,1.52,1.6,0.0,70.96,"Selected Bounded Green Extension (PLAN_B): Lowest valid score (71.0). Spillback penalty: 1.5, Delay: 14.0, Queue: 25.0, Fairness: 1.6."
352.0,ambulance,PLAN_B,70.86,63.86,70.86,14.0,21.0,1.42,2.4,0.0,63.86,"Selected Bounded Green Extension (PLAN_B): Lowest valid score (63.9). Spillback penalty: 1.4, Delay: 14.0, Queue: 21.0, Fairness: 2.4."
353.0,ambulance,PLAN_B,66.36,61.36,66.36,14.0,19.0,1.52,3.2,0.0,61.36,"Selected Bounded Green Extension (PLAN_B): Lowest valid score (61.4). Spillback penalty: 1.5, Delay: 14.0, Queue: 19.0, Fairness: 3.2."
354.0,ambulance,PLAN_B,61.56,58.56,61.56,14.0,17.0,1.52,4.0,0.0,58.56,"Selected Bounded Green Extension (PLAN_B): Lowest valid score (58.6). Spillback penalty: 1.5, Delay: 14.0, Queue: 17.0, Fairness: 4.0."
355.0,ambulance,PLAN_A,56.76,56.76,56.76,15.0,15.0,1.52,4.8,0.0,56.76,"Selected Current Safe Timing (PLAN_A): Lowest valid score (56.8). Spillback penalty: 1.5, Delay: 15.0, Queue: 15.0, Fairness: 4.8."
356.0,ambulance,PLAN_A,55.83,55.83,55.83,14.0,14.0,1.81,5.6,0.0,55.83,"Selected Current Safe Timing (PLAN_A): Lowest valid score (55.8). Spillback penalty: 1.8, Delay: 14.0, Queue: 14.0, Fairness: 5.6."
357.0,ambulance,PLAN_A,56.73,56.73,56.73,14.0,14.0,1.71,6.4,0.0,56.73,"Selected Current Safe Timing (PLAN_A): Lowest valid score (56.7). Spillback penalty: 1.7, Delay: 14.0, Queue: 14.0, Fairness: 6.4."
358.0,ambulance,PLAN_A,58.5,58.5,58.5,15.0,15.0,1.7,5.6,0.0,58.5,"Selected Current Safe Timing (PLAN_A): Lowest valid score (58.5). Spillback penalty: 1.7, Delay: 15.0, Queue: 15.0, Fairness: 5.6."
359.0,ambulance,PLAN_A,60.06,60.06,60.06,15.0,15.0,1.82,6.4,0.0,60.06,"Selected Current Safe Timing (PLAN_A): Lowest valid score (60.1). Spillback penalty: 1.8, Delay: 15.0, Queue: 15.0, Fairness: 6.4."
